personal_info_id,customer_id,address,city,state,is_working
5184,7835,"875 Margaret Mission Apt. 133, Hollyside, AL 48150","Lake Ryan",RI,0
5185,7836,"9627 Deleon Views Suite 157, Lake Lisa, DE 67575","South Belindaberg",KY,1
5186,7837,"536 Marshall Throughway, Alexanderland, KY 63395",Garciaport,SD,0
5187,7838,"688 Heidi Passage, Staceymouth, OK 12668","West Sharon",AR,0
5188,7839,"107 White Isle Suite 117, Amberburgh, OK 81315",Mackenziefurt,KY,1
5189,7840,"USNS Rosales, FPO AP 32152","Lake Tanya",FL,1
5190,7841,"340 Wayne Forges, Keithfurt, IL 27900","Lake Sandra",PA,0
5191,7842,"9109 Vaughn Island, North Andrewton, VT 29801",Traceyshire,NY,0
5192,7843,"Unit 5255 Box 4112, DPO AP 59233",Porterland,CA,1
5193,7844,"71305 Catherine Cape, Lewisfort, NC 14247",Weaverland,ME,1
5194,7845,"207 Laura Skyway, Lake Roger, ID 26570",Sarahfurt,WA,1
5195,7846,"443 Strong Shore Suite 239, Melissafurt, HI 42224","North Megan",MP,0
5196,7847,"USNS Freeman, FPO AA 80027",Sabrinachester,WI,0
5197,7848,"310 Murphy Lodge, Kruegerfurt, VT 17682","East Maryview",MO,1
5198,7849,"1344 Dudley Expressway, West Randyfort, NV 75640",Lisachester,AR,0
5199,7850,"84312 Travis Ports Apt. 623, West Melindashire, MP 63415","West Connorview",NV,1
5200,7851,"1186 Judy Fords, Rodriguezburgh, OR 10583","South Victoriastad",DC,1
5201,7852,"767 Jonathan Ports Apt. 082, Mosleychester, KS 89680","North Stephen",UT,1
5202,7853,"088 Hensley Lakes, New Gabriella, FM 59931",Ashleytown,PR,1
5203,7854,"0223 Brenda Field Suite 610, Fredericktown, DC 17532",Martinezmouth,WA,0
5204,7855,"3315 Smith Stream Apt. 521, Richardtown, AS 72817",Bondshire,KY,1
5205,7856,"612 Brandt Plains, Garciaville, NY 52916",Campbellmouth,NH,1
5206,7857,"9927 Moore Meadow Suite 376, Meganfort, IN 24444","Lake Julia",AS,0
5207,7858,"908 Jennifer Flat, North Chelsea, CT 63159","South Devinborough",LA,0
5208,7859,"99783 Jennifer Locks Apt. 523, Carrollfort, MN 10034","Lake Kenneth",MT,1
5209,7860,"47547 Brenda Drives, Lake Kelly, MH 18154",Velasquezborough,NY,0
5210,7861,"73709 Washington Trail Apt. 569, Johnsonland, MI 09497",Crosbytown,OK,0
5211,7862,"PSC 5167, Box 2302, APO AE 22764",Jenniferberg,PW,1
5212,7863,"548 Jeffrey Manors Suite 738, Victoriamouth, GA 34612","New Richardchester",KY,0
5213,7864,"206 Jordan Junctions, Andreafurt, PW 21604","New Richardfort",NY,0
5214,7865,"833 Keith Glen, Port Danielshire, PR 52605","Port Jason",IL,0
5215,7866,"3264 Jones Burg, West Kimberlyton, SC 11923",Parksview,NE,0
5216,7867,"069 Martin Lock, Justinfort, AS 91721",Manningburgh,AZ,1
5217,7868,"58153 Brianna Shoal, West Barbara, HI 17135",Stephanieport,AR,1
5218,7869,"279 Gonzalez Shore Apt. 836, North Jenniferberg, VI 02212",Jamesburgh,DE,1
5219,7870,"898 Denise Fall Apt. 041, Harveyburgh, MA 48256","North Samanthamouth",GA,0
5220,7871,"348 Aaron Mountain Apt. 620, Theresachester, AZ 60416","South Rebecca",ID,0
5221,7872,"59145 Sandra Springs Suite 216, Jamesville, WV 51556","West Christopher",MS,0
5222,7873,"0878 Eric Manors Apt. 979, North Jeffery, DE 73536",Edwardsstad,ME,0
5223,7874,"33355 Munoz Squares, Jensenmouth, PW 11425",Patrickville,ID,0
5224,7875,"USS Aguilar, FPO AP 68066",Hurleyberg,LA,1
5225,7876,"6351 Burnett Ridges, North Rebeccatown, PR 47172",Michaelmouth,ND,1
5226,7877,"USNV Kramer, FPO AA 97099",Anthonystad,MH,1
5227,7878,"256 Ashley Views, Lukeview, NH 14037","South Stephenton",ND,1
5228,7879,"2919 Bailey Course Apt. 047, New Denisefurt, OK 66313",Christopherbury,MD,0
5229,7880,"57162 Wall Wells Suite 351, Lake Malikton, RI 76884",Patriciastad,MT,0
5230,7881,"7722 Alexandria Hollow Suite 145, Parktown, AR 50698",Josephburgh,MI,1
5231,7882,"13033 Powell Harbors, Prattview, VA 54292",Weaverview,FM,1
5232,7883,"24766 Martin Squares Suite 070, South Manuelfurt, CT 67371",Johnsonside,AL,0
5233,7884,"65347 Stephens Circle Apt. 778, West Cindymouth, WI 93198","West Joshuaview",MT,0
5234,7885,"3402 Julia Camp Apt. 267, Lake Michael, FM 38330","East Richardton",MP,0
5235,7886,"727 Williams Plains Apt. 519, Lake Markton, WY 87172",Matthewfort,ME,1
5236,7887,"3960 Sara Islands, Leeton, NH 04645","East Janicestad",TX,1
5237,7888,"7693 Sweeney Views Apt. 082, South Kristen, AZ 26777","South Susan",IA,0
5238,7889,"3675 Scott Squares Apt. 654, Rogersstad, FL 90321",Riosstad,UT,1
5239,7890,"3549 Marshall Mountains, Michaelborough, MP 14080","North Kaylamouth",NH,0
5240,7891,"48659 Schmidt Stream, West Samantha, RI 65385","Port Sara",NY,0
5241,7892,"31095 Bailey Fields, North Thomasfurt, TN 46533","South Markburgh",AZ,0
5242,7893,"USS Hayes, FPO AP 22170","Lake Leonard",ID,0
5243,7894,"04785 Phillip Summit Apt. 603, North Larryhaven, PW 15823",Tammybury,FM,0
5244,7895,"007 Harris Inlet Apt. 630, Lake Michael, CT 87220","East Valerieborough",ME,1
5245,7896,"079 Angela Road, Gonzalezfort, MD 77276",Millerberg,AL,1
5246,7897,"00404 Craig Landing, Huntermouth, WV 06956",Davisborough,ME,0
5247,7898,"13061 Donna Via Apt. 971, Jacksonport, PR 97271",Moorefort,WI,0
5248,7899,"4085 Regina Via, Port Jonathan, MT 45190",Granthaven,GU,0
5249,7900,"70588 Rivera Locks, Hoberg, NC 71918",Castilloburgh,UT,0
5250,7901,"497 Romero Crest Apt. 908, North George, AS 22070",Darrylfurt,IN,0
5251,7902,"513 Mike Ridges, Lake William, VT 77711",Gonzalezmouth,MP,0
5252,7903,"9300 Erica Stravenue, Crawfordfurt, DC 39703",Bensonmouth,WA,0
5253,7904,"758 Bryan Plaza Apt. 364, Kleinhaven, RI 02929","Port Josephmouth",CT,0
5254,7905,"PSC 4619, Box 1518, APO AE 91597",Jonesberg,VT,0
5255,7906,"829 Griffin Cape Apt. 213, Kylieshire, RI 15303",Wilkinsonhaven,MN,0
5256,7907,"USNV Holt, FPO AA 86455","East Zacharyton",VT,0
5257,7908,"4369 Graham Springs, Colleenchester, ND 27150",Thomaschester,MN,1
5258,7909,"USS Carr, FPO AE 27610",Nelsonview,PW,0
5259,7910,"062 Hendrix Locks Apt. 047, Anthonyborough, NH 98164",Rodriguezborough,VI,1
5260,7911,"48114 Yoder Harbors Suite 707, Lake Angela, NC 87393","New Michaelshire",OK,0
5261,7912,"12836 Anderson Wall Apt. 614, Lake Maria, IN 88429","East Adam",GA,1
5262,7913,"8604 Hernandez Vista, West Melinda, AZ 84662",Wilkinsonview,TN,0
5263,7914,"2154 Christopher Ridges, Cruzport, WY 88924","New Brandon",HI,0
5264,7915,"2884 Billy Rue, Mariaport, SD 27901","East Joy",FL,1
5265,7916,"279 Harrell Pines Apt. 617, North Mark, IA 15872","Port Gabrielabury",CT,0
5266,7917,"959 Crawford Junction Suite 278, Kimport, VI 88885",Jessicastad,LA,1
5267,7918,"32560 Willis Mountain Suite 227, West Belinda, ME 91102","North Christophermouth",AL,0
5268,7919,"227 Arnold Roads, Nathanshire, CO 89582","Port Chase",PR,0
5269,7920,"7329 Keith Grove, Morrisshire, DC 27481",Foleyview,OR,1
5270,7921,"994 Sims Junctions Suite 960, Reedmouth, MI 38030","New Josechester",AS,0
5271,7922,"182 Mariah Stream, East David, VI 70128",Hernandezshire,NJ,0
5272,7923,"3684 Evans Court, South Cory, FL 09689",Greeneland,ND,0
5273,7924,"626 Turner Freeway Suite 183, New Jasonmouth, RI 83368","North Lorifurt",MO,0
5274,7925,"1251 Katrina Isle Suite 522, North Charlesland, IL 11825",Christopherfort,KS,1
5275,7926,"7089 Bradley Heights, North Margaretburgh, FM 71554","North Michaelview",NC,0
5276,7927,"876 Michael Spurs Suite 283, Pamelaland, VA 55346","Lake Caleb",MH,1
5277,7928,"740 Nicholas Plaza Suite 385, Simmonsview, FM 58001",Chelseyberg,CA,0
5278,7929,"96492 Kathryn Mountain, Davidmouth, AS 53568","Lake Michael",WA,1
5279,7930,"972 Anthony Walks, Hicksburgh, WI 06082","Port Kendra",WI,0
5280,7931,"8484 Brandon Lock, West Alicia, IN 98412","East Tyler",AK,0
5281,7932,"1876 Erica Crossing Suite 383, Lake Sandra, HI 50453",Smithfurt,VI,1
5282,7933,"3362 Shawn Alley, New Austin, WV 03741",Savagestad,ME,0
5283,7934,"6152 Martin Pass Apt. 470, West Markside, MH 90511","Port Joshua",MN,1
5284,7935,"26555 Nielsen Parks, New Courtney, PW 58978","South Victoria",NC,1
5285,7936,"935 Susan Passage Suite 245, Leonton, MI 31552","West Amy",GA,1
5286,7937,"4548 Kelly Freeway Suite 202, Sandraport, MP 06634","South Bryanview",GU,1
5287,7938,"9662 Kelly Row, Johnsonview, ID 25465","West Nicholasstad",TX,0
5288,7939,"USS Rogers, FPO AP 11915","New Timothy",MH,0
5289,7940,"53930 Coleman Forks, Port Gary, MS 28614","South Suzannehaven",MD,1
5290,7941,"3366 Stevens Corner Suite 793, South Allisonport, MS 28695","West Grace",PR,0
5291,7942,"6475 Anna Parks, Ellisville, MI 53919",Thomashaven,MS,0
5292,7943,"PSC 5111, Box 2297, APO AE 01069","New Dan",DE,1
5293,7944,"22841 Kane Lock, Velasquezberg, SC 02699",Robertborough,AS,1
5294,7945,"9127 Amanda Valley, Cardenasburgh, PA 21256","Lake Danielbury",AS,1
5295,7946,"25636 Lutz Wells, East Stephaniefort, FM 53819","East Kurt",AL,0
5296,7947,"199 Jackson Branch Apt. 007, Douglasmouth, MS 14807",Johnton,NV,0
5297,7948,"USS Harrison, FPO AP 54694","North Christophermouth",PR,0
5298,7949,"29088 Poole Square Suite 879, Barbarahaven, MP 60517",Johnsonbury,FL,1
5299,7950,"36683 Michael Estate Apt. 121, Lake Natalie, WA 18011","Lake Jamesstad",ID,0
5300,7951,"8835 Donaldson Plains Suite 515, Watkinsberg, KS 12131",Richardton,NY,1
5301,7952,"5785 Austin Corners, Thompsonborough, PA 17179",Nathanland,KY,0
5302,7953,"916 Stefanie Falls, South James, MH 47108",Colleenborough,ME,0
5303,7954,"65731 Johnathan Mission Suite 930, Port Maria, DC 97491",Millerburgh,KY,0
5304,7955,"52341 Christopher Place, West Jackshire, OK 94525","North Alejandraton",TN,1
5305,7956,"219 Michael Heights Apt. 037, West Travis, OR 40608","East Adam",MO,0
5306,7957,"03831 Leonard Isle Apt. 797, Smithview, SC 57732","New Darleneberg",WV,0
5307,7958,"USS Mcknight, FPO AP 39251","Lake Wyattport",TX,1
5308,7959,"697 Perkins Roads, Campbellburgh, VI 32379","West Jamesview",GA,0
5309,7960,"57649 William Forges, Hendersonton, DE 64789",Melindamouth,CA,1
5310,7961,"09168 Phelps Village, Allenton, WI 07729","West Joshuastad",TX,0
5311,7962,"93086 Marcus Grove, Robertsonfurt, PR 68474","North Peggy",ID,1
5312,7963,"8965 Jones Motorway Apt. 889, Marystad, AK 18030","New Jeffport",WV,1
5313,7964,"99636 Anthony Valley Apt. 152, Chelseaberg, AR 23085","New Patrickmouth",OK,1
5314,7965,"59810 Kimberly Wall Suite 106, Jasonfort, CA 07893",Williamfort,AL,1
5315,7966,"4440 Perez Tunnel, Jeffreyhaven, SC 48843","South Matthew",SC,1
5316,7967,"9246 Schmidt Ferry, Joshuaport, OR 42681",Peggyview,WY,0
5317,7968,"7890 Hess Well, West Johnport, KY 27880",Loristad,TX,1
5318,7969,"22505 Eric Throughway Suite 766, Robertmouth, VA 17497",Camposview,SD,0
5319,7970,"PSC 5602, Box 5202, APO AE 14809","Port Audreyhaven",PA,1
5320,7971,"586 Hammond Curve Apt. 453, East Amandaville, RI 35396","New Derrickville",NV,1
5321,7972,"4524 James Pine Apt. 368, Diazshire, GA 18516","South Erin",MI,1
5322,7973,"589 Brenda Light, Williamston, NJ 20500",Douglasstad,WA,1
5323,7974,"348 Lopez Tunnel Apt. 433, North Kimberlymouth, NY 05104","Lake Stephanie",DE,1
5324,7975,"652 Tammy Cliffs, Port Marcus, HI 63875","South Amandamouth",CT,0
5325,7976,"816 Cole Wall Apt. 600, Kellyport, GA 99494",Danielburgh,MN,1
5326,7977,"Unit 3826 Box 3378, DPO AA 03508",Pageland,LA,1
5327,7978,"USNS Crawford, FPO AE 34035",Chelseamouth,KS,0
5328,7979,"475 Gordon Fort, Port Kristashire, ME 16130","New Michael",CT,1
5329,7980,"2271 Stephen Trafficway, Port Kennethshire, TX 21872","Lake Jonathan",PA,1
5330,7981,"9791 Smith Lights, Port Christina, MO 53566","Port Davidberg",MA,1
5331,7982,"610 Danielle Roads, Port Nathanielside, AK 69744","West Isaacfurt",VT,0
5332,7983,"6004 Nathan Common, Lake Michael, AS 09547","New Brandon",OH,0
5333,7984,"7206 Joseph Mountain Suite 194, Alanburgh, MS 14547",Brianmouth,GU,1
5334,7985,"4872 Everett Mall, Carterville, ME 94925",Sampsonmouth,FL,0
5335,7986,"19317 Vance Green, Lake Shane, DC 03542","Port Lorrainechester",AS,0
5336,7987,"3847 Bryan Overpass Apt. 450, West Patrickmouth, NC 38598","East Karen",VI,0
5337,7988,"32371 Crane Hills, Port Spencer, FL 84632","Lake Jamesfurt",VI,0
5338,7989,"0458 Justin Glens, Alyssaview, OK 97356",Paynebury,IN,0
5339,7990,"333 Samantha Harbor, North Hannah, MO 80573","New Rebeccaside",LA,0
5340,7991,"87010 Austin Brooks Suite 296, Port Kevinmouth, MO 61519",Reevesville,ID,1
5341,7992,"721 Nancy Springs Apt. 954, New Wendy, PA 65651","West Jillmouth",TX,0
5342,7993,"1843 Jackson Cliff, Port Michael, TN 09236","North Brandybury",OK,1
5343,7994,"152 Karen Groves, Jimenezmouth, AL 66999",Cortezburgh,WY,0
5344,7995,"082 Donna Greens, Henryland, LA 32290",Armstrongport,SD,0
5345,7996,"92157 Susan Estates, South Daniel, MT 01359","New Saraville",FL,0
5346,7997,"16775 Joshua Gardens, West Hayden, NH 30746",Amyton,NM,1
5347,7998,"33926 Jordan Haven, Stevenchester, HI 73667","South Sharon",MP,1
5348,7999,"7816 Lee Drive, Parkermouth, AL 22155",Barbarashire,LA,0
5349,8000,"3897 Armstrong Walk Suite 909, New Nicholeland, PA 70864","Port Monicamouth",WY,1
5350,8001,"PSC 0636, Box 2631, APO AA 35768",Ramirezmouth,AR,1
5351,8002,"95471 Michael Neck, Chapmanland, MP 22922",Garciashire,CT,1
5352,8003,"68342 Rivera Run, Schmidtfort, IA 82716",Wendymouth,CO,1
5353,8004,"890 Davis Junction, East Kathyview, IL 61535",Keychester,UT,1
5354,8005,"7792 Elijah Rapid Apt. 669, Meghanbury, LA 46877",Schultzchester,GU,0
5355,8006,"6333 Simmons Fords, Lukebury, AK 86414","South Paul",DC,1
5356,8007,"653 Ross Canyon, Benjaminmouth, GU 08527","Lake Charlesbury",VI,0
5357,8008,"Unit 1997 Box 4374, DPO AP 93845","East Renee",NH,1
5358,8009,"1370 Jenny Fields Suite 529, Franklinport, NY 03739","Port Reginald",NY,0
5359,8010,"38078 Webb Vista Apt. 153, Toddmouth, AR 64522",Smithville,WI,1
5360,8011,"395 White Mountains, Michaelshire, WY 41036",Emilymouth,HI,1
5361,8012,"2485 Hunt Highway, North Sarah, WY 93172",Jessicabury,AK,1
5362,8013,"844 Larson Wells, Christieberg, FM 26989",Smithchester,PR,0
5363,8014,"6675 Price Vista, Keithville, KS 09748",Espinozamouth,DE,0
5364,8015,"5579 Boyd Lake, East David, MI 85376","West Amber",WV,0
5365,8016,"77348 Steven Center, West Danatown, RI 30237",Jonathanbury,MH,0
5366,8017,"65248 Zachary Skyway, North Mark, FL 12619",Jamesland,FL,0
5367,8018,"63711 Philip Isle, West Susan, AZ 22434","South Michaelburgh",OR,1
5368,8019,"25838 Brianna Streets, Markbury, VA 01615",Mannbury,LA,1
5369,8020,"7656 Nancy Estate Suite 072, Lake Amyburgh, MP 71363",Collinsborough,SD,0
5370,8021,"36378 Nancy Streets Apt. 843, North Laurie, OR 10007","New Maureenberg",CA,0
5371,8022,"36251 Michael Loaf, Philipton, WV 38230",Mullenton,MO,1
5372,8023,"9885 Catherine Plaza Apt. 585, Lake James, MD 65518",Jonesberg,HI,0
5373,8024,"3442 Rachel Bridge, Craigburgh, WY 67084",Kerrfort,AK,1
5374,8025,"299 Virginia Haven Apt. 383, Lauraton, PR 25909","New Laurenshire",SC,1
5375,8026,"1274 Sandy Fall, Travisfort, WY 72372",Jamieton,IL,1
5376,8027,"83652 Steven Spur Apt. 679, West Heatherton, FL 76262",Matthewsmouth,NH,0
5377,8028,"831 Colleen Lake, West Abigail, FM 74711",Julieville,TN,1
5378,8029,"0602 Gail Haven Apt. 344, Maryborough, MP 30286","West Jamieville",TX,1
5379,8030,"2403 Eric Wells, East Elizabethbury, NM 64137",Weaverview,MN,0
5380,8031,"PSC 7759, Box 6667, APO AE 88566",Washingtonbury,TX,0
5381,8032,"2687 Pamela Extension Suite 650, West Jessehaven, DE 26504","North Jerry",VI,1
5382,8033,"64649 Roberts Walk Suite 617, Robinsonstad, DE 10440","New Heathermouth",AR,1
5383,8034,"53730 Duffy Orchard, Wilsonhaven, UT 72068","West Christopher",AK,0
5384,8035,"65853 Trevino Lock Suite 061, Port Leslieland, IA 57143","West Kathryn",HI,0
5385,8036,"62313 Patricia Overpass, West Alexis, FL 44293",Hernandezmouth,GU,0
5386,8037,"27574 Kevin Court, Evansmouth, VA 27357","West Joshua",MH,1
5387,8038,"8841 Lee Green, Mahoneyland, MD 42481","New Ross",AS,1
5388,8039,"613 Brittany Inlet, Cathyland, NV 28880","East Rachelburgh",CT,0
5389,8040,"4088 Serrano Hills, Lake Patricia, AR 16957",Michellemouth,VI,0
5390,8041,"2098 Rogers Islands, Fernandoborough, MH 60424","North Jessicafurt",ME,1
5391,8042,"74320 Davis Field, East Jeffery, MN 41592","Lake Nicole",MN,0
5392,8043,"USNV Mills, FPO AA 03767",Allenstad,LA,0
5393,8044,"82859 Lewis Passage, West Jason, PA 02305",Mirandaborough,VI,1
5394,8045,"70067 Smith Run Apt. 701, Brandonhaven, MS 61018","New Kenneth",DC,1
5395,8046,"709 Marquez River Apt. 133, Port Robertbury, OH 39527","North April",MD,1
5396,8047,"671 Christopher Coves, Lake Kylemouth, WV 41026","West Jeffrey",NH,1
5397,8048,"072 Dakota Fields Suite 957, West Josephfort, NY 53989","South Jessica",MD,1
5398,8049,"357 Kyle Mountain Apt. 182, West Leslieville, AZ 23704","East Beth",WA,0
5399,8050,"3380 Smith Cliffs, North Nancy, HI 44290",Gordonberg,PA,0
5400,8051,"3962 Tucker Mount, Jamestown, OK 39500",Richardland,GA,0
5401,8052,"341 Hardin Crossroad Apt. 097, Audreytown, AZ 01475","New Julie",AR,1
5402,8053,"PSC 7515, Box 2840, APO AE 82413",Rushfurt,MD,1
5403,8054,"6423 Nicholas Dale, New Laurieport, ND 67587","North Randy",IL,0
5404,8055,"5388 Sherri Expressway, Kellyside, KS 05523",Amyburgh,OK,0
5405,8056,"763 Smith Trail, South Michael, ME 96377",Josephborough,AZ,1
5406,8057,"74304 Poole Underpass Suite 952, Alexanderburgh, ME 08123",Ginabury,SD,1
5407,8058,"67071 Dawn Ports, Port Angela, TN 55954",Tammyview,MH,1
5408,8059,"38568 Noble Fork Apt. 967, Port Alexandria, CA 78817","North Angie",IL,1
5409,8060,"2252 Sean Corners, Leefurt, MO 92651",Brooksport,DE,0
5410,8061,"06818 Lynn Pines Suite 214, Whitehaven, MD 69688","North Kelliton",SC,0
5411,8062,"47679 Bradley Vista Apt. 052, West Tinaton, MN 12012","East Ebony",MP,0
5412,8063,"0041 Kathy Villages, Stevenborough, RI 04509",Barneshaven,NJ,0
5413,8064,"11523 White Centers, Youngport, GA 98324","South Andrew",MD,1
5414,8065,"8616 Shelby Union, North Tony, ID 62939",Bowenhaven,NY,1
5415,8066,"0785 James Roads, Josephtown, HI 54869",Hessborough,NY,0
5416,8067,"11857 Johnston Freeway Apt. 250, Lake Rebeccaville, KY 41896",Davidchester,CO,1
5417,8068,"5295 Clark Way Suite 915, South Derek, ND 96538","South Daniel",PA,1
5418,8069,"7234 Derek Overpass, South Chad, FL 82041",Amandaview,KS,1
5419,8070,"6473 Lopez Stream Apt. 785, Lopezfurt, PR 50803","Port Meghanmouth",KS,0
5420,8071,"Unit 3259 Box 7632, DPO AA 17730",Diazview,WY,1
5421,8072,"420 Colleen Highway Suite 011, East Joshua, WI 55245",Wyatthaven,PR,0
5422,8073,"83398 Kidd Glen Apt. 664, Salasmouth, MT 12982",Manuelmouth,CT,1
5423,8074,"6809 Stephanie Extension Suite 077, Amandachester, MS 97492","South Jamesbury",PW,0
5424,8075,"70466 Jenna Crossing Suite 498, Emilytown, NE 51817",Tracymouth,AS,0
5425,8076,"9783 Scott Knolls Apt. 701, West John, CO 45686","West Sean",FM,1
5426,8077,"30890 Bryan Pass, East Lindaland, MS 47342",Juliaberg,DE,1
5427,8078,"310 Preston Inlet, New Michaelton, WV 27557","Lake Davidberg",MI,1
5428,8079,"USCGC Kennedy, FPO AA 90178","West Teresabury",SC,1
5429,8080,"4769 Marsh Track Suite 215, Anthonyview, PR 55375",Petersenville,MH,0
5430,8081,"0193 Robinson Street, New Brandon, AS 64245",Aaronmouth,MN,0
5431,8082,"829 John Valleys Suite 534, Jeanburgh, HI 10058",Murrayton,TX,0
5432,8083,"66719 Jeremy Streets, Christinaport, MD 09018","South Shelby",VT,1
5433,8084,"66918 Andrea Point Suite 220, East Josephmouth, TX 10744",Zacharyburgh,IA,1
5434,8085,"6453 Ashley Trail Suite 124, Walkerport, VT 58404",Juarezhaven,TX,1
5435,8086,"301 Douglas Club, Keithmouth, KY 32264","North Richardborough",NY,0
5436,8087,"91605 Jordan Plains Apt. 724, Michaeltown, IN 23627",Marcushaven,PW,1
5437,8088,"290 Reed Squares, North Jeanettemouth, PA 92493",Sabrinaberg,DC,0
5438,8089,"87518 Jacob Freeway, Nortonland, MT 09408","Lake Valerieville",WI,0
5439,8090,"PSC 3519, Box 6738, APO AP 99066","Port Peter",NM,1
5440,8091,"374 Amanda Tunnel Suite 514, West Johntown, KY 91127",Riosland,NE,0
5441,8092,"411 Elizabeth Crossing, Lake Amandafort, HI 32522",Wardfort,VI,1
5442,8093,"9125 Melissa Spring Apt. 582, Mcmillanberg, AS 93825","New Andrew",RI,1
5443,8094,"7851 Christina Shores Suite 239, Lake Melanie, AL 33529",Robinland,VA,1
5444,8095,"593 Diaz Loaf Apt. 213, South Nathanside, TX 34431","South Rebeccaland",AL,0
5445,8096,"94804 Tamara Brook Apt. 503, Theresatown, UT 87539",Markborough,MA,0
5446,8097,"11416 Andrew Camp, Hendersonfort, FM 31049","Lake Peggy",MI,1
5447,8098,"8079 Ronald Prairie, North Brettstad, PW 06066",Kathleenburgh,ID,0
5448,8099,"3473 Lang Spurs, East Tinaview, TX 98346","New Marc",WI,0
5449,8100,"1704 Johnson Prairie Suite 453, New Shelley, MS 78111",Blakeport,IA,1
5450,8101,"59082 Courtney View, Lake Theodore, VT 08143",Torreston,FL,0
5451,8102,"358 Mccarty Crossing Apt. 436, Vangfurt, NE 06470",Laurachester,IL,1
5452,8103,"USNS Ortiz, FPO AP 00731",Charlotteside,DC,0
5453,8104,"00373 Wade Tunnel Suite 908, Cohenton, PW 31102",Amyburgh,AK,0
5454,8105,"PSC 9765, Box 9784, APO AP 69610",Hamptonville,NV,1
5455,8106,"19441 Ramirez Trail, West Melanieburgh, NJ 05898","New Justin",IN,1
5456,8107,"7694 Jason Mountains Apt. 428, Hughesshire, NY 09120",Banksport,AS,0
5457,8108,"USNV Brown, FPO AP 07602",Deborahfurt,FL,0
5458,8109,"6457 Kimberly Stravenue Apt. 964, Port Barbara, NH 17486",Kaitlynshire,ID,0
5459,8110,"096 Jacqueline Garden Suite 082, West Gina, MI 69963","New Stacey",MA,0
5460,8111,"888 Jesse Turnpike Suite 205, Vaughnview, MT 19565","East Nicole",MH,1
5461,8112,"PSC 9208, Box 7387, APO AA 33732",Richardland,LA,0
5462,8113,"9225 Stephanie Harbors, New Lori, OH 99300",Jamesport,PA,1
5463,8114,"6050 Ramos Canyon Suite 972, Lake Evan, AZ 74251",Stephanieview,VI,0
5464,8115,"USCGC Bruce, FPO AE 96179",Adamside,IL,0
5465,8116,"355 Jefferson Oval Apt. 675, North Anthony, MN 39584","West Anneside",CO,0
5466,8117,"14157 Andrew Spur, North Victorburgh, PA 05356","Port Heatherborough",MA,0
5467,8118,"3371 Scott Fort Suite 080, Port Jonathan, ME 81137","North Kevin",NH,1
5468,8119,"449 Andersen Mill, East John, CT 09185",Jenniferfurt,WI,1
5469,8120,"Unit 8194 Box 0552, DPO AP 80539",Benjaminmouth,NV,0
5470,8121,"PSC 2210, Box 1226, APO AE 27334","North Sylviaburgh",IN,1
5471,8122,"625 Hernandez Orchard, Lake Joseberg, ND 65394",Shawnshire,SC,1
5472,8123,"21508 Misty Isle, Hollystad, MH 48899",Jamesfurt,TN,0
5473,8124,"3446 Mike Common, Anthonybury, AL 52895",Susanview,DC,0
5474,8125,"07644 Douglas Fort Suite 806, New Michellefort, SC 62970","Lake Joshuaville",VT,0
5475,8126,"Unit 4150 Box 5974, DPO AA 20337","South Megan",MH,0
5476,8127,"360 Anderson Wall, Lake Brian, TX 47152","South John",OH,1
5477,8128,"994 Williams Park Suite 156, Jillmouth, MD 68904","East Melanie",KY,0
5478,8129,"30287 Camacho Overpass, South Brianchester, WA 87107",Jasonburgh,WY,0
5479,8130,"871 Daniel Ville Apt. 252, Mauricemouth, TN 87332","East Jacquelineborough",MD,0
5480,8131,"7644 Joel Cove Suite 555, Dawnville, MT 52184","Lake Scotthaven",KY,1
5481,8132,"1111 Martin Burgs Suite 361, Mckenziefort, CA 42615","West Nicole",DE,0
5482,8133,"882 Rice Ridge, West Stephanieton, MP 03843",Christyshire,NH,0
5483,8134,"80834 Johnson Ville Suite 292, South Debra, CA 18954","North Caseychester",GA,1
5484,8135,"4239 Gross Mews, North Danielle, IN 18901",Natashaville,WY,1
5485,8136,"47509 Julia Turnpike Suite 095, West Danielshire, ID 36132","West Christinabury",SC,1
5486,8137,"049 Sutton Ville, Davidland, AK 83992",Eugeneborough,UT,1
5487,8138,"4330 Stephanie Mall Suite 012, North Priscillabury, MI 70257",Bradfordhaven,PA,0
5488,8139,"075 Newman Locks, Port Jennifer, LA 88472","East Ashleyland",SD,0
5489,8140,"Unit 1730 Box 0048, DPO AA 54870","North Melissa",CO,0
5490,8141,"2466 Martin Extensions, West Amandaville, HI 25736",Nathanside,UT,1
5491,8142,"2874 John Overpass Apt. 725, North Frank, MH 32591",Karenton,MT,1
5492,8143,"PSC 6074, Box 0346, APO AA 80661","New Ryan",IL,1
5493,8144,"145 Roger Underpass, Mitchellchester, WY 76903","New Andrewmouth",OH,0
5494,8145,"79763 Jackson Walk, North Pamela, DC 63596",Mossside,MO,0
5495,8146,"9632 Kristina Vista Suite 559, North Ryanchester, GA 53241",Robertberg,MN,1
5496,8147,"PSC 7279, Box 0756, APO AE 92564",Kristaville,MN,1
5497,8148,"Unit 2584 Box 8782, DPO AE 36296",Ritaside,NM,0
5498,8149,"061 Ashlee Ville Apt. 616, West Edgar, AL 05132",Josephstad,NH,0
5499,8150,"293 Barnes Ranch Suite 827, East Sarahchester, MA 90693",Bellberg,IA,1
5500,8151,"851 Lowe Fords Suite 308, Port Dwayne, MH 29084",Jacksonmouth,WY,0
5501,8152,"30430 Ryan Circles, Elizabethbury, AZ 61925",Mayborough,ME,1
5502,8153,"01959 Gregory Parkways, Jacobmouth, AZ 04914","West Briannaborough",FM,1
5503,8154,"686 Ford Street, Lake Casey, DC 68815","Port Donna",ID,0
5504,8155,"542 Kevin Meadow, Davidport, OH 59266","South Gregory",OR,1
5505,8156,"065 Katrina Drive Suite 781, North Ashlee, NV 12926",Luceroside,HI,0
5506,8157,"7028 Joel Cliffs, North David, PA 08040",Dunnbury,CO,0
5507,8158,"1092 Roberts Shores, Matthewland, KS 93071","Port Bryan",ND,1
5508,8159,"955 Matthew Rue Suite 353, Maryfurt, NH 94720",Markport,OR,0
5509,8160,"191 Deborah Radial, Port Edward, MA 62190",Brookstown,SD,1
5510,8161,"Unit 3563 Box 6793, DPO AE 15626","Lake Donnaberg",WA,1
5511,8162,"97047 Paula Burg, Ronaldmouth, KY 73476","South Kimville",FM,0
5512,8163,"4468 Jeffrey Springs, East Phyllis, NH 89624","West Williammouth",WY,1
5513,8164,"959 Veronica Village Suite 912, Thomaston, MP 50663",Marshallland,NY,0
5514,8165,"429 Hobbs Burg, Port Arthur, VI 27636","Port Robert",AL,1
5515,8166,"USCGC Harris, FPO AE 95596",Crystalland,VA,0
5516,8167,"89945 Manuel Brook, New Mariaton, DC 68618","East Paul",PW,1
5517,8168,"1524 Hernandez Lodge, North Christopherburgh, CO 10088",Amandafort,IL,0
5518,8169,"5159 Amy Common, Port Shannonburgh, MO 93346","South Alexanderberg",KY,1
5519,8170,"35192 Brian Heights Suite 905, Jennifermouth, MN 46197",Moonchester,WI,1
5520,8171,"21156 Caroline Key Apt. 556, Danielbury, MT 81233","Lake Robert",WA,1
5521,8172,"575 Charles Highway Apt. 960, South Margaretfort, MS 47071","New Clayton",MH,1
5522,8173,"USS Ramsey, FPO AA 91014","North Adriantown",NY,1
5523,8174,"7663 Christian Alley, Lake Tammy, MH 76532","Lake Jonathanview",KS,0
5524,8175,"818 Allison Estates, Chunghaven, IA 60051",Erinfurt,TN,0
5525,8176,"188 Daniel Courts Apt. 862, South Beverly, WA 10949","South Kathleenside",VA,1
5526,8177,"533 Adams Harbor, Port Luis, LA 27726","Port Elizabethmouth",ID,0
5527,8178,"89287 Aaron Drive, Kingview, AL 10816","East Taylor",WA,0
5528,8179,"44930 Raymond Bypass Suite 482, East Robert, CA 62975","North Christinamouth",CA,1
5529,8180,"301 Thomas Path, Warrenburgh, MO 72892",Smithton,LA,1
5530,8181,"USNS French, FPO AA 36484",Alexport,ME,1
5531,8182,"47810 Brown Shores Suite 883, Lanehaven, AS 44517",Hunterfurt,MI,0
5532,8183,"6047 Carl Run, Port Paulfurt, DC 10284",Dyerton,TX,0
5533,8184,"63257 Paul Keys, Lake Joshuafort, KS 15109",Amandahaven,FL,1
5534,8185,"57609 Tim Unions Suite 040, North Janet, DE 15763",Abbottmouth,WY,0
5535,8186,"PSC 4701, Box 8112, APO AA 79745",Kleinberg,NV,1
5536,8187,"479 Caitlin Summit, New Katherinebury, AZ 12364","Lake Davidbury",NC,1
5537,8188,"18440 Samuel Ville Suite 761, East Steven, PA 89809",Moranborough,NY,1
5538,8189,"1002 John Neck, Andersonberg, NE 09014","New Janet",VT,0
5539,8190,"006 Williams Station, Smithview, CA 33852",Billyhaven,AZ,1
5540,8191,"PSC 8858, Box 1490, APO AE 99673","North Jeremy",ID,0
5541,8192,"99120 Mcintyre Groves, West Elizabeth, WV 70579","North Michelle",KS,0
5542,8193,"659 Maxwell Landing Apt. 463, Hendersonville, CT 50075",Christopherville,DC,1
5543,8194,"534 Lisa Loaf Apt. 105, Lake Beverlybury, HI 90915","South Michael",IL,0
5544,8195,"Unit 6639 Box 6646, DPO AE 42078",Kathrynview,NJ,1
5545,8196,"672 Diane Port Apt. 063, Richardland, VT 70674",Elizabethmouth,AR,0
5546,8197,"0352 Elizabeth Wells Suite 466, Velasquezland, OR 14079",Johnview,OR,1
5547,8198,"3289 Dougherty Burg, East Elizabeth, VT 21504","New Dawnburgh",PW,0
5548,8199,"957 Devin Fort Suite 682, New Courtney, AR 36094","Port James",MA,1
5549,8200,"15863 Jeffrey Drive, Mcdonaldtown, IA 87901",Robertchester,AS,1
5550,8201,"717 Michael Mountain Suite 505, Dawnville, NC 15858","Port Daniellebury",FM,1
5551,8202,"9719 William Trail Apt. 524, North Joel, MH 29156",Kyletown,AS,1
5552,8203,"545 Elizabeth Harbor Suite 574, Christianmouth, DE 65165","West Natashamouth",WA,0
5553,8204,"28804 Miller Prairie, Penaburgh, CT 70072",Mccoyview,AK,0
5554,8205,"175 Harris Bridge Suite 544, Lake Johnton, WV 19927",Mcintoshchester,MT,1
5555,8206,"Unit 1072 Box 9968, DPO AE 19755",Fryfort,NV,1
5556,8207,"32387 Jeremy Circles, Lewisfort, CA 02358",Patricktown,AL,1
5557,8208,"Unit 2727 Box 3210, DPO AP 68224","Port Amyville",VI,0
5558,8209,"126 Mendez Square Suite 686, Graystad, CO 48246",Nortonstad,CA,1
5559,8210,"539 Lisa Union Apt. 480, Edwardburgh, WA 18146",Lovemouth,VA,1
5560,8211,"9709 Banks Common Apt. 105, Warnerville, NC 34548","East Tammyhaven",WV,0
5561,8212,"574 Morales Mall Suite 254, North Ashleyborough, AK 96569","East Elizabethhaven",MO,0
5562,8213,"7117 Timothy Streets Suite 303, New Ashleytown, RI 28492",Belindafort,PW,0
5563,8214,"USNS Pennington, FPO AP 28193",Mayerport,MP,0
5564,8215,"872 Mills Rapid, North Samuelhaven, WY 21824",Batesville,ME,1
5565,8216,"087 Jones Forks Suite 403, Francoberg, NY 83224",Matthewchester,WV,1
5566,8217,"9484 Green Pines, Lake Jessicaville, OH 72206","New Kathleenfurt",KS,1
5567,8218,"USNV Campbell, FPO AE 37462",Danielhaven,CA,0
5568,8219,"755 Candace Islands, Markshire, TN 41643","West Stephanie",FL,0
5569,8220,"USNS Esparza, FPO AE 98876","Port Phyllisville",AZ,1
5570,8221,"223 Laura Well, Timothymouth, AR 04853","North Kristin",CO,0
5571,8222,"3389 Bryan Vista Apt. 996, Port Alexander, NV 88135","New Keith",FL,0
5572,8223,"0305 Monica Locks Apt. 093, Lake Sarah, DE 02462","Lake Melissa",NH,0
5573,8224,"35516 Mcintosh Ridge, West Jane, WY 48385","Lake Sarah",MD,1
5574,8225,"886 Samantha Row Apt. 252, Silvaton, AS 47081",Turnerview,GU,0
5575,8226,"88865 Paul Mall Suite 384, East Mary, TX 34346","Lake John",ID,1
5576,8227,"41468 Cook Ferry, New Amandaside, SD 97935","North Cindy",FL,1
5577,8228,"20909 Christopher Fort Suite 479, West Alanchester, AK 37859","North Casey",UT,1
5578,8229,"537 Orr Crossing, New Wendyside, PW 72899",Vanessaport,MS,0
5579,8230,"813 Bobby Crescent, South Alyssaberg, IA 11639","East Amy",NJ,1
5580,8231,"985 Olsen Burgs Apt. 455, Lopezton, NV 17760","New Ryanport",NJ,1
5581,8232,"5178 Derrick Forge, Krystalville, CA 96621","Lake Johnport",OK,1
5582,8233,"6309 Dougherty Well, Castilloberg, OR 28717","New Dylan",TN,0
5583,8234,"007 Yvette Parks Suite 530, Victorton, PR 34323",Burnettton,MN,1
5584,8235,"74606 Bishop Walk, Port Johnhaven, MI 20179","New Erin",IN,0
5585,8236,"94396 Rocha Canyon, Leefort, HI 65655","South Josefurt",IA,0
5586,8237,"02788 Lynch Via Apt. 002, Kevinbury, WY 88303",Bennettmouth,MS,1
5587,8238,"74520 Parker Tunnel, East Paulborough, WY 36838",Markport,UT,1
5588,8239,"8798 Cain Canyon, South Phillipport, WV 88128",Jonathanshire,AZ,0
5589,8240,"USNV Burke, FPO AE 67725","West Jefferybury",DC,1
5590,8241,"392 May Lodge Suite 802, Lake Davidfurt, TX 20162","South Patrickview",PR,1
5591,8242,"28370 Max Hollow Apt. 970, Lake Kathyshire, CA 19557",Jonesside,MS,1
5592,8243,"268 Jordan Forest Suite 484, Marymouth, SD 71717","South Anne",CT,0
5593,8244,"5225 Alvarez Mountains, Pittmanhaven, MO 93157","South Johntown",ID,0
5594,8245,"8209 James Mountain Suite 421, Port Katherineport, HI 97654","North John",OR,0
5595,8246,"9326 Melissa Divide, Timothytown, KY 90084","West Shelley",MP,1
5596,8247,"499 Baker Oval Suite 244, Adrianberg, DE 19326","New Troyside",KS,0
5597,8248,"186 Jones Square, New Jessicaside, PW 28438",Charlesfort,AS,1
5598,8249,"97088 Sandra Radial Apt. 757, Lake Antonio, OR 14777","East Timothyview",NY,0
5599,8250,"367 Rodriguez Heights Apt. 392, Rogersbury, MN 36563",Melissaton,AL,1
5600,8251,"6516 Keith Drive, Freytown, VA 04968","West Matthew",WY,1
5601,8252,"58363 Amanda Tunnel, Lake Johnborough, AS 81068",Karenville,PR,0
5602,8253,"46438 Harrison Walks Suite 944, Rhondatown, AL 74544",Carriemouth,NY,1
5603,8254,"177 Thomas Mountains, New Joseph, ID 82882",Dominiqueburgh,OH,0
5604,8255,"PSC 3924, Box 0622, APO AP 03093",Joanneberg,MN,1
5605,8256,"34787 Vasquez Fall, Hillhaven, NH 50085","Lake Jaime",MP,1
5606,8257,"035 Jonathan Courts, Lake Joseph, MN 10344",Robertville,FM,1
5607,8258,"4215 Brett Squares Suite 639, North Andrewshire, MT 57916","South Deniseton",AR,1
5608,8259,"USNV Harris, FPO AA 72272","North Elizabeth",DE,0
5609,8260,"898 Matthew Throughway, Estesville, MP 74781","Lake Ashleyfort",OK,0
5610,8261,"21522 Alisha Mount Apt. 768, Markland, MN 46304",Williamfurt,CA,0
5611,8262,"27455 Janet Squares, East Kevinhaven, KY 73675","South Scottburgh",ID,1
5612,8263,"10064 Burgess Hill Apt. 697, South Rebeccabury, OH 22098",Elizabethborough,WA,0
5613,8264,"468 Mcknight Spring Suite 291, West Jason, HI 39717",Allenton,NM,1
5614,8265,"2872 Morgan Plaza, Rosaleshaven, NM 69144",Sandersside,SD,0
5615,8266,"038 Austin Union, Marychester, FL 26810",Timbury,SC,1
5616,8267,"320 Drew Circle, Holmeshaven, NM 20766",Angelburgh,NJ,1
5617,8268,"183 Briana Village Suite 886, New Lindaborough, PA 50842","North Jamesburgh",AL,1
5618,8269,"6180 Monique Prairie Apt. 160, Edwardsfort, MH 42263","New Maria",FM,1
5619,8270,"6037 Jodi Lodge, Smithmouth, SD 49894","Lake Michael",IA,1
5620,8271,"7791 Nathan Lane, Joanstad, NV 20093",Sarahborough,MI,1
5621,8272,"7533 Maria Causeway Apt. 183, New Nathan, MA 30310","Lake Larry",MI,0
5622,8273,"82589 Davis Path Suite 840, East Mary, MN 60399",Norrishaven,WV,0
5623,8274,"41173 Victoria Drive Suite 362, East Nancy, DC 71150",Marctown,ND,1
5624,8275,"USS Little, FPO AE 08673",Jamesport,CO,0
5625,8276,"347 Mia Mission Suite 381, Erikaland, CA 36796",Owensshire,CO,1
5626,8277,"8912 Caldwell Gardens, Peterland, OK 63472","Lake Dominiqueland",SC,1
5627,8278,"186 Jones Ways, Port Susanside, VT 67084","West Brianmouth",NE,0
5628,8279,"6478 Amanda Plains Suite 714, Paulaside, ND 18859","North Douglasport",RI,1
5629,8280,"218 Steven Expressway, Johnsonstad, OR 63896",Andrewbury,AR,1
5630,8281,"Unit 7482 Box 5773, DPO AE 69239","Lake Neil",ID,1
5631,8282,"47153 Decker Club, Mossport, NJ 23542",Watsonberg,MD,1
5632,8283,"536 Peggy Valley, Haydenstad, PW 36416","Lake Sarahport",MN,1
5633,8284,"35363 Moore Place Suite 771, West Patrickbury, MS 89445","Port Megan",AS,0
5634,8285,"PSC 5090, Box 4950, APO AE 71776","Lake Aaron",LA,0
5635,8286,"830 Shannon Gardens Apt. 823, Lake Johnville, NM 42378",Morenoport,MH,1
5636,8287,"644 White Brook Apt. 325, Jaredburgh, ND 65646",Karenfurt,TN,0
5637,8288,"5513 Hernandez Junction Apt. 033, Lake Jamesshire, PA 79599","East Brandi",WY,0
5638,8289,"261 Elizabeth Glen, South Jeffreyside, MO 98778",Bryanborough,VI,1
5639,8290,"24342 Roy Common Suite 638, Barkershire, WV 92065","Port Debraton",PW,1
5640,8291,"91536 Lisa Forge Suite 491, Taylormouth, PR 62815",Desireestad,MP,0
5641,8292,"4340 Debra Stream Apt. 790, Port Judith, TN 27435","East Jefferyport",PA,1
5642,8293,"527 Kimberly Trail Suite 042, Nicolebury, HI 86502",Davisshire,OH,0
5643,8294,"76684 Ortiz Unions, Blakeview, GU 93482","Lake Kaylaland",AZ,1
5644,8295,"500 Gallagher Lane, Port Allisonfurt, FM 12636","Lake Angela",IA,0
5645,8296,"619 Kim Tunnel, South Janice, VA 18296",Carpenterbury,NM,1
5646,8297,"1659 Justin Manor, North Jennaview, MO 43654",Ronaldmouth,PR,0
5647,8298,"USS Chang, FPO AE 66630","South Vanessa",FM,1
5648,8299,"0159 Courtney Groves, New Debrashire, PW 27060",Malonemouth,MS,1
5649,8300,"2728 Kelley Well, Port Maryland, AS 81801",Bateschester,TN,0
5650,8301,"0000 Mitchell Common, Wrighttown, WA 87846","New Sheila",WI,0
5651,8302,"Unit 2203 Box 7436, DPO AP 07220",Barrerahaven,LA,0
5652,8303,"752 Watts Extensions Apt. 468, Mooreburgh, NC 99785",Sherrimouth,MH,1
5653,8304,"896 Susan Underpass Suite 794, South Sharitown, DE 59184",Dennisberg,VT,1
5654,8305,"946 Timothy Causeway, New Kellymouth, VA 51317",Gateschester,MO,1
5655,8306,"2961 Cunningham Creek Suite 014, Brookefurt, TN 12828","West Shannonborough",CO,0
5656,8307,"9673 Melissa Flat Apt. 740, New Richardville, UT 78771",Gregoryshire,NY,0
5657,8308,"824 Griffin Springs, Lake Robert, FL 80003",Yvonnebury,AZ,1
5658,8309,"12239 Reese Shores Apt. 240, Evelynland, GA 37395","East Michael",NE,0
5659,8310,"643 Nancy Brooks Apt. 027, Jimmyside, ME 49896",Burtonberg,WY,0
5660,8311,"Unit 0478 Box 7805, DPO AP 28798","North Jasonmouth",DC,0
5661,8312,"626 Campbell Loaf, Lake Mary, IL 26442","Port John",TN,1
5662,8313,"67214 Phillip Route, Aliciashire, GA 11122",Hartfort,PW,1
5663,8314,"66976 Ford Divide, Hillfurt, MN 30377",Aliciaside,VA,0
5664,8315,"024 Mendez Brook, Diazhaven, RI 67950",Eileenville,AK,0
5665,8316,"Unit 9160 Box 6627, DPO AP 16701",Powellville,VI,1
5666,8317,"PSC 3092, Box 9912, APO AP 40078","West Victoriastad",NJ,1
5667,8318,"01634 Pennington Track, Rebeccaport, VI 77069",Cruzhaven,OK,1
5668,8319,"73854 Jones Station, Santiagoview, DC 97539","South Colleen",VT,1
5669,8320,"790 Powell Groves Suite 725, Lambertside, VT 75942","East Melissahaven",GA,1
5670,8321,"7133 Lisa Prairie Suite 694, Lopezside, WV 70477","New Ricardo",IA,1
5671,8322,"72746 Stewart Forge, Nguyenland, VT 43426",Michaelchester,TN,0
5672,8323,"79271 Webb Lodge Suite 013, Maryshire, AR 25253",Julieview,SD,1
5673,8324,"USCGC Pratt, FPO AA 12763","Lake Jeremyview",NM,1
5674,8325,"5104 Daniel Pines, Robertsburgh, NC 40992","South Charles",IA,1
5675,8326,"1413 Amanda Knoll, East Kathleen, UT 53927",Robertsland,AK,1
5676,8327,"9465 Cook Well, New Kaitlyn, AS 51083","Port Brittanymouth",IA,0
5677,8328,"953 Odom Ways, Chavezville, ND 98806","North Timothyport",ID,1
5678,8329,"Unit 4729 Box 5437, DPO AE 02218","West Lisaberg",AK,0
5679,8330,"7983 Rodriguez Street, Ruizshire, ME 60542","West Nicholasstad",CA,0
5680,8331,"244 Foley Corners Suite 064, Huffberg, TN 66416",Tracymouth,MH,1
5681,8332,"333 Baker Camp Apt. 038, Webbtown, ME 22253","Lake Deborah",IL,1
5682,8333,"27580 Brown Street, Port Austinfort, NE 59291",Cathyland,DC,1
5683,8334,"PSC 2809, Box 8129, APO AE 77672","New Colleen",AK,1
5684,8335,"0522 Joseph Ways, Whitakerbury, CT 02073",Huffview,TN,1
5685,8336,"2008 Erin Corner Apt. 200, Frankside, AS 66188",Codyside,AS,0
5686,8337,"3348 Yvonne Stravenue Suite 641, Brownchester, FM 84553",Alvaradoland,AR,0
5687,8338,"4864 Ponce Isle, Port Melissa, GU 00706","South Natashastad",TN,0
5688,8339,"67435 Navarro Roads, New Michelleburgh, MI 27901","South Margaretchester",WV,0
5689,8340,"2038 Edwards Summit, South Bradleyside, FM 60998",Ericland,WV,0
5690,8341,"956 Alex Mill, Kerrmouth, OH 88818","Lake Angelica",IL,1
5691,8342,"3355 Vincent Glen Suite 110, Garyville, IA 22471","North Michealfort",WI,0
5692,8343,"184 Leslie Manor, Bradleybury, TX 85308",Davismouth,MT,1
5693,8344,"7682 Sanders Walk, South Adamstad, MT 03971",Amandabury,DE,0
5694,8345,"08543 Schwartz Port Suite 166, Johnfort, OR 44791","East Mark",AL,1
5695,8346,"06274 Lori Isle Apt. 337, Victoriastad, GU 94845","West Jamesfurt",MH,1
5696,8347,"6967 Ross Corners Suite 084, North Jessica, NJ 10114","Lake Heidi",LA,0
5697,8348,"86126 Thomas Valleys, Galvanland, CT 59991","North Melinda",KY,0
5698,8349,"PSC 3505, Box 1624, APO AP 48067",Janetmouth,FM,1
5699,8350,"342 Scott Plaza Suite 366, Stacyfurt, LA 40264","West Philip",AL,0
5700,8351,"USCGC Ramos, FPO AA 21469","North Rebecca",CT,1
5701,8352,"577 Gomez Tunnel Suite 774, South Sophiamouth, WY 45607",Johnsonport,OR,1
5702,8353,"6199 Kyle Rue, North Jimmy, IA 85199",Brittanymouth,VA,1
5703,8354,"93260 Natalie Wall Apt. 435, Buckleybury, DE 99431","New Amy",AL,1
5704,8355,"975 Chen Ford, West Ryan, GA 42694","Port Justin",DC,0
5705,8356,"83143 Nathaniel Village, East Ronald, AR 87280",Pattonfurt,IA,1
5706,8357,"530 Stephens Lodge Apt. 812, Allisonton, PW 71042",Washingtonberg,NJ,1
5707,8358,"74730 Jennings Center Apt. 504, Smithborough, LA 93502","Lake Amberchester",CO,0
5708,8359,"60240 Frederick Field Suite 872, Clinestad, MA 05537","South Robert",CT,1
5709,8360,"84637 Kerr Mountains, Austinport, OH 63295",Williamsmouth,NE,1
5710,8361,"Unit 7565 Box 3350, DPO AA 69958","North Williamberg",MO,0
5711,8362,"21578 Angela Meadows Apt. 746, Hernandezburgh, AS 79335",Vanessahaven,LA,1
5712,8363,"USNV Ruiz, FPO AP 30342","Lake Georgeshire",VI,0
5713,8364,"0785 Cantu Cove, Lake Robertchester, MO 66615",Nicholsport,NC,0
5714,8365,"607 Edwards Plains Suite 919, East Scottchester, MI 15224","Port Kristenchester",NE,0
5715,8366,"64431 Davis Oval, Emilymouth, TN 52357",Laurashire,SC,1
5716,8367,"94784 Hendricks Gateway, South Meganview, VA 66932",Michaelhaven,HI,1
5717,8368,"305 Melanie Dam Apt. 504, North Jakeland, NH 65937",Rodriguezberg,ME,1
5718,8369,"22283 Sean Turnpike Suite 417, Hansenbury, AL 76382",Anthonyland,NY,1
5719,8370,"589 Ethan Trail, Lamshire, TX 64313","New Gabrielleport",MD,0
5720,8371,"2135 Diana Meadows, Carlosburgh, MD 54091","South Brittany",NY,1
5721,8372,"8811 Hammond Crescent, Patrickmouth, FL 65176","New Amber",SC,1
5722,8373,"PSC 5142, Box 4896, APO AP 79210",Meganville,MN,0
5723,8374,"534 Nancy Creek Apt. 489, Keithchester, SD 34382","Lake Angela",MO,1
5724,8375,"5760 Mejia Points Apt. 014, North Christopherville, NH 01845",Solisburgh,UT,0
5725,8376,"58625 Stanley Cove, Edwinland, AS 14441",Leeview,AZ,0
5726,8377,"00637 Derek Landing Suite 246, South Haroldshire, IA 98617","North Travis",MT,1
5727,8378,"5152 Kristi Flat, West Erica, AK 32691","New Alexanderborough",OK,1
5728,8379,"437 Bobby Road Apt. 084, South Coltonmouth, CO 32802","West Barryfurt",PR,0
5729,8380,"4733 Smith Land, South Johnborough, AR 88564",Vasquezfort,GU,1
5730,8381,"25267 Moore Green, New Melissa, ID 62724",Hillbury,ME,0
5731,8382,"20663 Jack Mission, East Daniel, ND 91602","East Annetown",DE,1
5732,8383,"293 Johnson Square, Millerville, OK 73590",Moodybury,WY,0
5733,8384,"1927 Melissa Drive Apt. 159, North Jonathan, LA 62166",Grahamfort,NE,0
5734,8385,"641 Lambert Court, Port Hannah, MA 72591",Scottstad,SC,1
5735,8386,"079 Butler Court Suite 882, Myersmouth, MH 86364",Paigetown,CA,0
5736,8387,"709 Lewis Summit Apt. 782, Michelleport, KS 65647","East Michaelbury",RI,0
5737,8388,"70325 Ortiz Parkways Apt. 041, South Cindyland, VA 60186","West Maria",GA,1
5738,8389,"95061 Michael Manor Suite 007, Davishaven, DE 74167","East Toni",NJ,0
5739,8390,"45590 Cannon Mall Suite 607, East Jared, NE 24661",Gabrielleside,HI,1
5740,8391,"Unit 6221 Box 5113, DPO AA 19298","Lake Victoria",MI,0
5741,8392,"32764 Ray Views, Cooperchester, MN 28543","West Richard",MS,1
5742,8393,"73075 Melissa Crossroad, Woodstown, MP 74974",Johnsonport,ID,1
5743,8394,"419 Mcgrath Via Apt. 276, Moralesland, WY 69681",Brittneystad,IN,0
5744,8395,"2172 Murray Spurs, Port James, MO 55508","New Jeffrey",KY,0
5745,8396,"Unit 8282 Box 3892, DPO AP 26481","New Connor",OK,0
5746,8397,"Unit 5384 Box 1548, DPO AP 92468",Woodhaven,NY,1
5747,8398,"36752 Melissa Mountains, Greeneland, TN 47375","West Lisa",SD,1
5748,8399,"6205 Smith Island, North Daniel, TX 68742",Nicoleview,WV,0
5749,8400,"9539 Caleb Brook Suite 778, Parkville, RI 70034","South Chelsey",GA,0
5750,8401,"9940 Tim Route, Lake Ashleyburgh, DC 60202",Breannastad,CT,0
5751,8402,"370 Tamara Point, Hendrickschester, TX 08106",Ronaldville,FM,1
5752,8403,"681 Gomez Light, South Robert, SD 46531","Port Joshua",KY,1
5753,8404,"18642 Brown Alley Suite 604, Nicholasfurt, FM 43414",Deckerchester,ID,1
5754,8405,"0059 Payne Gateway, West Christopher, OR 21066",Steveview,AS,1
5755,8406,"676 Suarez Pine, West Jerry, FL 95512",Jeffreyberg,PR,1
5756,8407,"072 Elizabeth Lodge Apt. 879, New Pamelashire, CA 10961",Rebeccaborough,NM,1
5757,8408,"78221 Garza Lodge Suite 092, Wrighthaven, MT 63604","East Charlesland",ID,1
5758,8409,"8785 Thomas Course Suite 195, West David, GU 81336","East Kayla",OH,1
5759,8410,"USS Morrison, FPO AA 05831",Williamshaven,LA,0
5760,8411,"601 Thomas Isle, Lopezshire, WA 83579",Marshallborough,CT,1
5761,8412,"65208 Douglas Course, North Susan, TN 80131","Port Scott",MS,1
5762,8413,"4031 Robert Manors Apt. 772, Lake Elizabethhaven, NH 32872","East Karenfort",PA,0
5763,8414,"3341 Autumn Square Suite 453, West Nathanland, SD 51868",Olsonberg,KS,1
5764,8415,"4678 Potter Meadow Apt. 473, Lake Danielside, NY 84620",Gregorybury,MD,0
5765,8416,"740 Mosley Prairie, Paulahaven, MN 23608","North Chrisview",WI,0
5766,8417,"43379 Johnson Creek, Danielside, FM 43635","New Brettmouth",IL,0
5767,8418,"3362 Anne Place, Edwardschester, NC 94993",Terryborough,WY,0
5768,8419,"573 Smith Island Suite 765, East John, IN 15908",Briantown,KS,0
5769,8420,"USCGC Steele, FPO AE 04717","New Michael",AS,1
5770,8421,"11436 Black River Apt. 290, Huntborough, MS 62246","Port Adam",DE,0
5771,8422,"209 Kirby Loaf Suite 314, North Kennethhaven, AR 45829","Port Sarah",GA,1
5772,8423,"2430 Roberts Forest Apt. 361, Lake Megan, VA 38999",Burnsshire,MI,0
5773,8424,"PSC 5538, Box 6790, APO AP 35295","South Patriciastad",VI,1
5774,8425,"8637 Christopher Summit Suite 141, Lake Rhonda, VA 78549","New Kelli",UT,1
5775,8426,"62433 Braun Turnpike Suite 594, Bowmanchester, SD 16913","Lake Jennifermouth",AR,0
5776,8427,"05081 Briggs Cape, South Nataliechester, NC 60278","South Erica",GU,1
5777,8428,"238 James Well Apt. 350, North Elizabeth, WI 94281","North Jessicafurt",TX,1
5778,8429,"940 Katherine Islands, Corymouth, FL 38139",Brandonport,OR,1
5779,8430,"010 Turner Track, New Brianport, NY 52023",Jeremystad,NJ,1
5780,8431,"5503 Valdez Harbors Suite 462, Myersfort, GU 27646",Lisaview,AR,1
5781,8432,"09450 Price Ferry, Tuckerborough, AR 84332","North Morgan",GU,1
5782,8433,"880 Richard Center, Serranobury, ID 27455","South Kimberly",OK,1
5783,8434,"4753 Mccarthy Prairie, Lauraland, SD 57844",Deanhaven,VT,0
5784,8435,"7540 Fisher Causeway Suite 050, North Charles, AL 37798","West Sarahchester",SD,1
5785,8436,"782 Kimberly Extensions Apt. 351, New Jessicatown, GU 31870","Lake Marissa",ND,0
5786,8437,"05298 Nelson Mount Suite 659, Jamesfurt, GA 93941","Port Soniamouth",MO,0
5787,8438,"119 Pace Cliffs, North Brianside, IL 24002","East Lisa",IA,1
5788,8439,"86854 Davis Ways, Chelseamouth, AS 66347",Jasonport,LA,0
5789,8440,"8393 Jacqueline Ramp Apt. 783, West Jasonport, NH 40974","Lake Jeremy",MT,0
5790,8441,"269 Wilson Mission Suite 558, Lake Brentfurt, KS 53942","West Jane",OR,0
5791,8442,"9637 Destiny Cape Apt. 330, Elizabethport, MO 26380","West Daniel",PW,0
5792,8443,"06493 Shaw Passage Apt. 940, West Patrick, ID 81546",Pearsonfurt,SC,1
5793,8444,"211 Neal Falls Apt. 022, Cooperfurt, NM 25216",Franklinside,ID,1
5794,8445,"632 Compton Roads Suite 688, Carterborough, MD 98362","Port Annport",AR,1
5795,8446,"PSC 0740, Box 0114, APO AP 33227",Simmonsberg,IL,1
5796,8447,"0522 Brown Lock Suite 103, Jonathanstad, AS 80845",Paulland,AK,0
5797,8448,"3626 Albert Spurs, Davisport, SD 03704",Amberside,AK,0
5798,8449,"05178 Hall Ville, Lake Mary, VT 18746",Smithfort,MD,0
5799,8450,"091 Wright Keys Apt. 170, North Kimberly, MO 18589",Danielsfurt,WI,0
5800,8451,"1828 Patterson Place Suite 649, South Robertmouth, MS 17882","New William",AR,1
5801,8452,"2271 Mark Fort Suite 318, East Matthew, AS 78068","North Vincent",KS,1
5802,8453,"Unit 2937 Box 5372, DPO AE 40393",Joshualand,AR,1
5803,8454,"121 Janice Spur Apt. 228, Anthonyton, AS 78452",Tylermouth,PA,0
5804,8455,"253 Smith Haven Apt. 028, Richardstad, SC 85688","East Mitchelltown",RI,1
5805,8456,"935 Harris Village Apt. 131, Thomasside, FL 75705","North Adrianbury",DE,1
5806,8457,"000 Cheyenne Ramp, North Valerie, NV 57613","South Louisfurt",NM,1
5807,8458,"820 Chavez Spurs, Robertbury, AZ 05270",Brittanybury,PW,0
5808,8459,"50161 Gomez Pine, Brianshire, LA 06591","Lake Wanda",TX,1
5809,8460,"6805 Bailey Mountain Apt. 678, New Jesseton, MT 38553","West Mariaburgh",IL,0
5810,8461,"65402 Stephanie Pike Apt. 563, Danielborough, VT 62912","Port Thomasborough",IN,1
5811,8462,"10474 Salazar Courts, North Williammouth, TX 62307",Huntberg,HI,1
5812,8463,"Unit 0337 Box 1821, DPO AA 42812","South Savannah",NH,1
5813,8464,"111 Colleen Route Suite 351, Lake Amanda, AL 87245",Johnsonmouth,PW,0
5814,8465,"10386 Brian Springs Apt. 500, Toddfort, OK 17621","New Maryville",DC,1
5815,8466,"7855 Young Course Apt. 929, Reneeport, DC 57181","East Joseph",RI,0
5816,8467,"700 Robert Corner, Andrewfort, FM 54973","Lake Lawrenceville",NM,0
5817,8468,"8931 Kevin Crest, Hodgeton, MI 71554","North Leeberg",IL,1
5818,8469,"663 Clark Oval Suite 514, Marktown, MA 39683","Lake Michelle",AK,1
5819,8470,"5017 Anthony Road, South Kimton, OH 12033",Larsonchester,SD,0
5820,8471,"Unit 7651 Box 8985, DPO AE 43305",Andreaburgh,WI,1
5821,8472,"5273 Lucas Mill, Lake Sara, PA 79676",Longmouth,HI,1
5822,8473,"484 Garcia Trace Apt. 575, East Stevenberg, MA 86380","East Charlesburgh",MD,1
5823,8474,"59215 Murray Station, South Lisa, IL 73467",Andersonborough,WI,1
5824,8475,"USCGC Vasquez, FPO AE 38682","North Natalie",AR,1
5825,8476,"490 Gentry Stravenue, Port Lisa, PA 99681",Julieshire,FL,0
5826,8477,"580 Amanda Prairie Suite 207, Scottfort, MA 15185",Gomezbury,MA,1
5827,8478,"05192 Matthews Inlet Suite 000, South Dianaland, AS 58540","Lake Tracyburgh",HI,0
5828,8479,"381 Edwards Islands, East Stacey, MH 52625","West Patricia",KY,0
5829,8480,"6805 Alyssa Trail, South Kathrynport, WA 66991","East Joseph",FL,1
5830,8481,"2705 Alicia Track Apt. 190, Catherineburgh, MS 72248",Amyhaven,RI,1
5831,8482,"Unit 7980 Box 4521, DPO AE 61918",Marvinshire,UT,0
5832,8483,"64177 Richard Summit Apt. 273, Michaelbury, AZ 54030","East Evanland",ME,1
5833,8484,"248 Levine Creek Apt. 991, West Deniseton, WY 22801",Adamsfurt,MO,1
5834,8485,"PSC 9869, Box 6550, APO AE 30026",Nguyenfort,MH,1
5835,8486,"666 Hensley Lodge Apt. 366, East Andrew, MP 08216",Gatesville,AR,0
5836,8487,"05394 Rivera Rue Suite 873, Lanceborough, NH 52112","East Rebecca",HI,0
5837,8488,"85878 Harrison Heights Apt. 106, Moraport, NY 68092",Maynardmouth,AK,1
5838,8489,"00411 Susan Shoals, Danielhaven, WV 27688","Port Jennifer",VT,0
5839,8490,"560 Hughes Creek, Harveyside, DC 53471","South Annmouth",LA,1
5840,8491,"USNV Sandoval, FPO AP 69086","North Kimville",WV,1
5841,8492,"26448 Penny Court, Kellyberg, IL 74651",Amandaville,VI,1
5842,8493,"1490 Campbell Junction, Port Tracyfort, FM 82507","New Christopher",CT,1
5843,8494,"4324 Lee Radial, Ericksonfurt, ID 18410","West Amandaport",PA,0
5844,8495,"077 Cruz Ville Suite 667, New Jasmineport, NE 00636","New Alexander",AZ,0
5845,8496,"Unit 5320 Box 9761, DPO AP 09084",Andreaview,NH,0
5846,8497,"1248 Spence Gateway Suite 950, South Phillipstad, TN 90310","West Aprilside",NH,1
5847,8498,"330 Frost Tunnel Apt. 124, Michaelmouth, KY 34482",Garciafort,AZ,0
5848,8499,"764 Sarah Avenue Apt. 769, Moranport, MD 73933","Lake Marie",TN,0
5849,8500,"4784 Alison Port Apt. 649, Ellischester, VI 03304",Benjaminbury,AZ,0
5850,8501,"6982 Nelson Walks Suite 644, South Christopher, KS 39972","South Johnmouth",IA,0
5851,8502,"4514 Martinez Run Apt. 453, Jeremiahbury, MH 38606","New Timothyhaven",ME,1
5852,8503,"818 Gonzalez Dam Suite 597, East Katherineland, WY 81469",Jenniferland,MS,1
5853,8504,"PSC 8652, Box 5033, APO AA 66488",Lewisborough,AK,1
5854,8505,"1076 Davis Skyway Suite 824, North Tyler, AS 44173",Darrellchester,AK,0
5855,8506,"7751 Vicki Mountains, New Maryshire, NJ 14433",Andreshire,PA,0
5856,8507,"5358 Lee Springs Suite 669, New Shannon, MT 52621","South Kelly",KS,0
5857,8508,"9750 Alexander Mountains Apt. 231, Seanhaven, MP 12275",Sherryhaven,AL,1
5858,8509,"53790 Devin Route, Andrewmouth, CA 85749",Paulaburgh,WV,1
5859,8510,"490 Sara Springs Apt. 889, Andersonborough, IN 61964",Gallagherport,PW,0
5860,8511,"68030 Ashley Heights, Davisborough, AZ 09161",Charleschester,MA,1
5861,8512,"17358 Sherry Via, New James, ID 67137",Rodriguezhaven,LA,0
5862,8513,"9186 Carol Orchard, Johnfurt, SD 94555",Davistown,MN,0
5863,8514,"812 Rebecca Road, Kathleenshire, KY 33968","Lake Rebecca",MN,1
5864,8515,"0987 Kidd Islands, Lynchburgh, DC 85942","South Gilbert",MP,1
5865,8516,"716 Monica Avenue Apt. 053, West Danielle, VT 85873",Riveratown,MN,1
5866,8517,"446 James Throughway, Bradleyborough, NH 68321","Port Katherine",OK,0
5867,8518,"80387 Ellen Forest, New Raymondfort, NY 54831",Millerhaven,ME,1
5868,8519,"25764 Tran Rest Suite 930, East Emilyfurt, WA 17238","South Jacob",OK,1
5869,8520,"15111 West Ways Suite 035, Brownmouth, UT 20380",Ariasborough,NY,1
5870,8521,"53519 Rodriguez Parkway, Albertchester, MS 33777",Wrighttown,MI,0
5871,8522,"91169 Donna Turnpike, Port Cherylbury, MS 87412","South James",FL,1
5872,8523,"24278 Judith Shoal Suite 768, New Joshua, KS 32778","South Amy",VI,0
5873,8524,"0467 Johnson Turnpike Apt. 552, Goodwinmouth, NC 11345","South William",VA,1
5874,8525,"0359 Chapman Meadow, Fordbury, NC 25163",Pamelachester,IL,1
5875,8526,"0240 Heather Rest, Fitzpatrickshire, OR 11676","Lake Garyfurt",NC,0
5876,8527,"9981 Middleton Stream Suite 089, East Brendantown, IA 36267",Latoyaview,NH,1
5877,8528,"63866 Crystal Shoals Suite 430, North Paul, FL 74478",Schultzmouth,UT,0
5878,8529,"83877 Johnson Gardens Suite 020, East Tyler, MI 47175",Pattonfurt,MI,0
5879,8530,"959 Devon Glens Suite 459, Jennaview, RI 93902",Millermouth,IA,0
5880,8531,"359 Harris Springs Suite 741, Andersonchester, FM 95987","West Catherineborough",MD,0
5881,8532,"58799 Wood Plains Apt. 614, Ramirezberg, TN 16644","Port Johntown",NE,1
5882,8533,"67730 Landry Neck, Foleyton, MS 96852","New Julie",GU,0
5883,8534,"31164 Michael Key, Mitchellburgh, NH 84751","Lake Maryview",AL,0
5884,8535,"677 Wilson Mews Suite 618, Rebeccahaven, OK 45383",Brandonville,KS,0
5885,8536,"0344 Karla Spurs Apt. 637, Beardbury, OK 62985","West Karenberg",VI,0
5886,8537,"60497 Carmen Lodge Suite 947, Ryanside, AL 30835","West Angelshire",NJ,0
5887,8538,"506 Taylor Flat Suite 480, Port Brandy, OR 75531","South Richard",MI,1
5888,8539,"17525 Kathleen Underpass Apt. 688, Port Nathanielberg, MI 02462",Andrealand,OR,0
5889,8540,"PSC 7314, Box 7776, APO AP 72884",Michaelmouth,ND,0
5890,8541,"PSC 9293, Box 8214, APO AE 08243",Brianbury,NH,0
5891,8542,"5931 Castaneda Park, East Kristin, WI 68253","New Michaelville",ME,1
5892,8543,"16293 Adams Garden Apt. 655, East Saraside, MH 68426","North Leah",ND,0
5893,8544,"908 Winters Vista Apt. 722, Hessfurt, MN 22241","Port Robinhaven",MS,1
5894,8545,"33755 Porter Shoal, Port Susanville, IA 80826",Mcbrideberg,ID,1
5895,8546,"63129 Acosta Isle Suite 385, West Hollymouth, UT 82828","Port Jessicaport",OK,0
5896,8547,"927 Matthew Rue, North Stevenport, GU 47858","Port Rhonda",OR,0
5897,8548,"1799 Hernandez Skyway, Schneiderberg, VT 83530",Webbshire,AZ,0
5898,8549,"USNS Novak, FPO AP 64237","South Jacobton",MI,1
5899,8550,"0923 Shawn Wells, Normanfurt, LA 84388",Mcclainside,WI,0
5900,8551,"01933 Kristin Brooks, North Jessica, IL 54821","North Johnchester",SD,0
5901,8552,"7214 Cody Light, Michaeltown, NV 78280",Leetown,PW,0
5902,8553,"06825 Michaela Greens Apt. 320, Lake Christopherville, CT 17467",Rangelbury,VA,1
5903,8554,"USCGC Mathews, FPO AA 40284",Thompsonland,NV,1
5904,8555,"525 Megan Burg Apt. 630, Leechester, ID 36170","Port Kimberly",AL,1
5905,8556,"7864 Christopher Ports, West Thomas, IL 69912","East Tammy",TX,0
5906,8557,"35258 Gordon Stream, Jeremiahchester, NH 52208","New Megan",DC,0
5907,8558,"363 Brittany Crescent Apt. 665, Port Rebeccaland, VI 20341","North Kevinhaven",GU,0
5908,8559,"08219 Robin Islands Apt. 457, Lisaland, WY 57408",Schroederberg,NH,1
5909,8560,"5130 Kathleen Shoal, Kyleburgh, DC 35575","Lake Laura",MD,1
5910,8561,"PSC 2996, Box 4498, APO AP 85518",Michelletown,NC,0
5911,8562,"23116 Larry Orchard Apt. 112, Greentown, NC 21064","Lake Joshuahaven",OK,0
5912,8563,"1873 Bonnie Orchard, Cherylside, MD 24776","Port Tiffanytown",NY,0
5913,8564,"807 Joel Spurs Suite 598, West Nicholestad, NY 09526",Marshallview,DE,1
5914,8565,"91979 Mccall Corners, Lake Lisa, PW 20942",Erikaport,IL,0
5915,8566,"71887 Galloway Route Suite 208, South Aliciahaven, IN 90495",Huangfort,MN,1
5916,8567,"3938 Blankenship Villages Suite 640, Lake Jessicashire, WY 75082","Lake Trevorbury",NC,1
5917,8568,"45841 Tracy River Suite 294, Brandonside, FM 94233",Howardfort,WA,0
5918,8569,"1780 Weaver Ferry, North Laura, ID 88468","New Brittany",CO,1
5919,8570,"USNV Frazier, FPO AP 81441","West Megan",CO,0
5920,8571,"567 Crane Mountains, East Jamie, RI 86301",Mcknightville,AL,0
5921,8572,"05821 Burns Ways Suite 645, West Feliciatown, HI 99897","Lake Cindy",NH,1
5922,8573,"63706 Jennifer Street, Alfredbury, PW 97049","Lake Troy",PA,0
5923,8574,"7372 Stefanie Dale, Ashleychester, OK 96361","West Williamborough",KS,1
5924,8575,"597 Catherine Village Suite 503, East Travisville, ND 86086",Stephenside,FM,1
5925,8576,"78675 Michele Knoll Suite 706, New William, IA 93101","East Shannonchester",NV,1
5926,8577,"856 Dalton Route Suite 646, West John, PA 05642","Port Juanmouth",VI,0
5927,8578,"1930 Fisher Circles, Natalieshire, MS 78725",Henryberg,GU,0
5928,8579,"75380 Hoffman Crescent Apt. 561, New Katherineville, FL 47670",Sarahberg,MA,0
5929,8580,"97473 Erica Passage Suite 248, West Roberto, ME 38061",Adamberg,RI,0
5930,8581,"693 Alexander Overpass Apt. 177, Johnsontown, HI 94921","West Dannymouth",NC,0
5931,8582,"975 Renee Cliff, Williamshire, VA 04314","North Becky",OR,1
5932,8583,"147 Jennifer Mission Suite 374, South Martin, SD 82375","North Jennifer",MI,1
5933,8584,"8061 Martin Courts Suite 775, Youngmouth, KY 11619","East Joshua",PR,0
5934,8585,"5268 Rodriguez Ports, Salazartown, IA 38750","East Joy",NE,1
5935,8586,"7040 Alison Street Suite 786, West Joshuaview, OR 21177",Sloanhaven,PW,1
5936,8587,"778 Brenda Street, New Andrew, PR 10486",Davidview,LA,1
5937,8588,"14881 Larry Trail Apt. 174, Daviston, MN 54894",Williamstown,AR,1
5938,8589,"540 Lopez Flat Apt. 649, Lake David, FL 93088","South Luis",MO,1
5939,8590,"58392 Gomez Plains Apt. 480, New Samuel, AS 09189","West Elizabethland",TN,0
5940,8591,"52924 Kaitlyn Island, Michellemouth, OK 96823","North Jennifer",AL,0
5941,8592,"29599 Tracy Flats Apt. 115, Jamestown, LA 45569",Bethberg,VT,1
5942,8593,"97964 Douglas Parks, Millerbury, NY 15253","New Christine",DC,0
5943,8594,"73071 Curtis Alley, East Valerie, OR 49652",Calderonview,CA,0
5944,8595,"USNV Bradford, FPO AE 76171",Hammondside,NH,1
5945,8596,"674 Grimes Mountain Suite 756, Kellymouth, ID 39114",Tracishire,LA,1
5946,8597,"700 Smith Lake Suite 745, Port Stephanieberg, NM 13573",Mirandaview,CT,0
5947,8598,"553 Michelle Key Suite 587, Fullerville, UT 36174",Petersenport,NE,0
5948,8599,"306 Heidi Circle Apt. 344, Barrettchester, DE 34736","East Amy",VI,1
5949,8600,"221 Rodriguez Run, South Frankview, AK 82137",Rossport,KS,0
5950,8601,"PSC 6139, Box 6555, APO AE 31720","Lake Markhaven",ID,1
5951,8602,"795 Smith Street, West Justintown, ND 92267","South Daniel",ID,1
5952,8603,"1067 Connie Branch Suite 258, Susanland, TN 76859","Lake Cynthia",CA,0
5953,8604,"700 Price Mount, North Michael, AS 89139",Simmonsland,NV,1
5954,8605,"05525 Rodriguez Plaza, Hernandezbury, SC 59575",Martinburgh,MH,1
5955,8606,"407 Heather Dam Apt. 484, Knightview, TX 85853",Georgetown,VA,0
5956,8607,"05522 Smith Lock Suite 379, North Kelly, OR 42253","Port Janet",WA,1
5957,8608,"4027 Vanessa Groves, Anthonymouth, RI 24570","New Ethan",NE,1
5958,8609,"91613 Bates Court, West Seanberg, WA 99031","South Melissaton",UT,1
5959,8610,"539 Norton Track Suite 218, East Stevenside, CT 23632",Richardsonfurt,MA,1
5960,8611,"73049 Tammy Prairie Suite 250, Erikshire, DC 69700",Benderstad,DE,0
5961,8612,"834 Barbara Wells, Lake Eric, ND 65317",Chrisbury,TN,0
5962,8613,"4366 Lisa Curve Suite 615, South Lisamouth, PW 11806","West Darrell",TX,0
5963,8614,"79553 Michael Road, South Angelica, MA 79637","North Monica",MS,1
5964,8615,"04418 Gregory Estate Suite 360, New Jaredchester, LA 61450","New Emilymouth",LA,0
5965,8616,"61452 Brenda Drives Suite 604, South Sherriberg, FL 32405",Saundersborough,TX,1
5966,8617,"39775 Natasha Mountains Apt. 215, New Brooke, PA 07012","New Kristinport",NC,0
5967,8618,"PSC 9612, Box 2096, APO AA 17651","New Robertport",SC,0
5968,8619,"USS Rivera, FPO AP 64743","West Valerie",NY,1
5969,8620,"19300 James Estates, Erinfurt, ID 85030",Arnoldshire,OR,0
5970,8621,"40454 Carol Street Suite 269, Jasontown, DE 43739","East Charles",IL,1
5971,8622,"019 Travis Underpass, North Loriside, FL 56498","North Michaelshire",MT,1
5972,8623,"55406 Wallace Parks, Jonathanborough, MI 03764",Holderborough,FM,0
5973,8624,"PSC 8534, Box 2271, APO AP 06887",Mcdonaldmouth,SC,1
5974,8625,"87661 Ramos Fork, Schroederfort, MP 35912",Claytonland,DE,0
5975,8626,"129 Latasha Trail Apt. 242, Meaganside, IA 86162","East Judith",VT,0
5976,8627,"24346 Brittany Ways, Port Elizabethland, VI 22647","North Craig",OR,0
5977,8628,"9442 Wilson Mills, Rhodesside, TX 74690",Williamview,WY,1
5978,8629,"3549 Carlson Villages Suite 432, Robertstown, NH 58278",Christopherport,AZ,1
5979,8630,"0168 Kemp Extensions, Suzanneland, OH 22624","South Christineton",NE,1
5980,8631,"273 Ray Roads, South Elizabethmouth, ME 30518","South Michael",DE,0
5981,8632,"190 Burton Key, Brandystad, DE 12347",Josephton,OK,1
5982,8633,"8062 Gary Ranch, Schroedermouth, MH 31756","South Debbie",MH,1
5983,8634,"USCGC Smith, FPO AE 83194","West Robertoside",NY,1
5984,8635,"24953 Mark Mill Apt. 889, West Janetmouth, KS 82338",Williamsshire,OK,1
5985,8636,"7966 Jasmine Run Suite 948, North Craig, MH 36732","West Maria",SC,0
5986,8637,"17069 Kevin Club, Pereztown, MA 65912",Villarrealport,GA,1
5987,8638,"222 Freeman Rapid, South Randy, CO 18613","South Andrea",IL,1
5988,8639,"9172 Rachel Estates, Port Melissamouth, KS 81070","South Kelsey",ND,1
5989,8640,"699 Ward Parkways, Brownbury, NE 26111",Stewartville,MI,1
5990,8641,"26357 Carol Mountain, Whiteheadfurt, NV 89017",Markberg,IA,1
5991,8642,"5943 Smith Hills, North Suzanne, MO 92557",Mccarthyburgh,IA,1
5992,8643,"96727 Amy Spur Apt. 209, Pattersonchester, RI 06417","West Kimberly",IA,1
5993,8644,"1845 Megan Grove Suite 232, Henryside, SC 58070",Deannashire,AZ,0
5994,8645,"849 Harper Extension Suite 147, North Davidstad, NJ 64470","West Gary",AR,1
5995,8646,"341 Crystal Summit Apt. 212, Lake Charles, OR 88813",Donnastad,MO,1
5996,8647,"26372 James Fords Suite 156, Millerville, NV 06691","Lake Lisa",TN,1
5997,8648,"325 Lucas Glens, Johnsonhaven, KY 12853","Port Jamieport",CT,0
5998,8649,"48603 Derrick Springs Apt. 070, Lake Daniel, DE 68511",Duffyshire,KY,0
5999,8650,"04532 Andrew Passage, Liuberg, LA 45303","East Alexanderland",WI,0
6000,8651,"98035 Cory Cliff Apt. 681, Vanceview, NH 30634","North Patrick",CT,0
6001,8652,"008 Watson Point Suite 663, North Valerie, ME 57307","Lake Tracy",MN,1
6002,8653,"246 Mitchell Parkway Suite 181, East Matthewchester, MS 59110",Petersonport,MT,0
6003,8654,"236 Amy Forks, North Markville, MP 16874","New Jessicashire",TX,1
6004,8655,"99279 Mccormick Cove Apt. 362, Pagefurt, WV 66736",Briannaside,DE,1
6005,8656,"01011 Smith Ridge, East Christown, DE 95468","Port Edward",CA,1
6006,8657,"9169 William Burg, New Virginia, ME 03078",Donaldsonmouth,TX,0
6007,8658,"557 Black Plains, South Claudiafurt, IN 57615",Williamland,WA,1
6008,8659,"20582 Mark Lane Apt. 779, South Craigville, OH 36699",Davidfort,PW,0
6009,8660,"560 Marvin Square Suite 700, New Wandaside, MS 90457","East Christopher",MO,1
6010,8661,"6128 Morgan Alley Apt. 692, East Nancy, NM 34808","Port Michaelside",AS,0
6011,8662,"0083 Amy Shoals, West Derrickbury, OK 74403","Lake Mary",PW,0
6012,8663,"080 Hamilton Field, Port Amandaport, UT 81345",Rachelfurt,OR,1
6013,8664,"54148 Michelle Corners Suite 115, Danielleville, VT 12202",Bradleymouth,NJ,0
6014,8665,"384 Kaiser Ridges Suite 219, South Andrew, TX 38497",Padillaside,CO,1
6015,8666,"130 Stark Park, Port Nicholas, TX 84069","Port Danielleside",MI,0
6016,8667,"0377 James Crossroad, New Brittany, TN 54630","South Kerryland",OK,1
6017,8668,"07858 Blevins Island, North William, NE 84442",Gayborough,OH,1
6018,8669,"21918 Lewis Fork Apt. 268, North Keith, MP 52027","South Samuel",VA,1
6019,8670,"5851 James Courts Apt. 406, Sandersville, ID 01659",Brownport,NC,0
6020,8671,"2326 James Ville Suite 290, Floydshire, VI 56683","Lake Angelbury",CT,0
6021,8672,"098 Lawson Tunnel, Crystalland, VI 06625",Estesmouth,IL,0
6022,8673,"27415 Juarez Isle, Millerville, MO 06150","West Jasonberg",NH,0
6023,8674,"7621 Anderson Drives Suite 383, Wilsonport, NY 36476",Longburgh,NC,0
6024,8675,"306 Thomas Cape Apt. 692, Vincenthaven, WY 42136",Matthewborough,NM,1
6025,8676,"35071 David Station, West Wendyton, MS 14873",Millerbury,AK,0
6026,8677,"3891 Joseph Springs Apt. 387, Lake Pamelafurt, ME 18528","New Chloemouth",AL,0
6027,8678,"3113 Mejia Drive Apt. 625, Kurtborough, VI 32646",Williamchester,VT,1
6028,8679,"6557 Benjamin Crossing Suite 714, Ballbury, ME 03924",Costaland,FM,1
6029,8680,"50877 Julie Mews, Christopherfurt, WA 81957","South Kimberly",ND,0
6030,8681,"61543 Pamela Spring Apt. 106, Lake Danielshire, FM 35706","Lake Richard",GA,0
6031,8682,"5994 Kelsey Brook, Kellyborough, IL 42085","New Adam",CT,0
6032,8683,"0413 Walker Ports, Farmerton, CT 95293",Foxview,NY,0
6033,8684,"69844 Heather Junction Suite 066, Port Laurenville, SC 32409","Lake Stephenburgh",DE,0
6034,8685,"2735 Mckee Garden Suite 138, Loriton, VA 86451",Mendozaton,OK,0
6035,8686,"989 Rhonda Land, Collinburgh, WI 59951","East Brendaville",WA,0
6036,8687,"8929 Garcia View, Nicholefort, HI 19732",Michaelview,SD,1
6037,8688,"41782 Cuevas Greens, Garzaland, AZ 98992","South Rhondaburgh",MO,1
6038,8689,"075 Smith Viaduct, Port Michaelburgh, NH 53072","North Travisstad",NY,1
6039,8690,"37674 Stuart Forges Suite 926, West Ashley, FL 19984","North Heatherfurt",AS,0
6040,8691,"0271 Alicia Isle Apt. 753, Meyerport, TX 11777",Hansenhaven,CT,1
6041,8692,"Unit 5121 Box 8578, DPO AA 83498",Cynthiaview,KY,1
6042,8693,"721 Jordan Track, West Jenniferborough, FM 15794","East Lindseyburgh",AK,1
6043,8694,"PSC 2308, Box 0460, APO AE 21473",Schmidtfort,PW,0
6044,8695,"4603 Chavez Burgs, Henryport, NJ 12537",Coreytown,AS,1
6045,8696,"849 Myers Light Apt. 754, Patrickmouth, IL 04963","North Ericberg",VT,1
6046,8697,"851 Jason Stravenue, Hudsonton, VT 31064","North Billybury",WY,0
6047,8698,"94909 Kelly Highway Suite 831, East Rebecca, MI 44844",Blevinsmouth,NY,0
6048,8699,"35681 Daniel Tunnel, Robertfurt, NM 92070","Lake Crystalstad",OK,0
6049,8700,"6972 Wood Summit, Jonesview, KY 95688",Mcclurehaven,GA,1
6050,8701,"385 Kristen Forest Apt. 021, North Michaelhaven, TX 81871",Ortegashire,ID,1
6051,8702,"344 Cesar Tunnel, Lauramouth, RI 37439","New Thomas",MI,1
6052,8703,"5589 Mary Street, New Alisha, AL 41104","East Mark",AL,1
6053,8704,"2561 Bradley Glen Suite 051, Smithville, TX 76229",Michaelchester,AR,1
6054,8705,"3128 Chad Causeway, North Mariachester, NM 05074","North Christopherborough",SC,0
6055,8706,"PSC 2141, Box 2839, APO AP 66042",Welchton,WV,0
6056,8707,"39650 Nicholas Divide, Lake Jocelyn, OH 95783","Lake Brianland",MP,1
6057,8708,"191 Stacy Harbors, West Alexis, PW 36217",Grahamhaven,ID,0
6058,8709,"0872 Christopher Corners Suite 507, Janicemouth, TN 74593","South Johnnyshire",OK,1
6059,8710,"7119 Carter Fords Apt. 200, Michelleberg, CT 53951","West Raymondmouth",OH,0
6060,8711,"26602 Anthony Fork Suite 039, Ericamouth, WY 61025","New Nicholas",NC,1
6061,8712,"73986 Mckinney Mount, Corteztown, WV 04745",Hansenshire,IA,1
6062,8713,"88124 Edward Falls Suite 364, South Antonio, FL 54646",Annahaven,SD,0
6063,8714,"1425 Jackson Stream Suite 923, New Michaelberg, CA 51814","East Rebecca",KS,0
6064,8715,"122 Khan View, Kylechester, KS 87989","Lake Autumn",CA,0
6065,8716,"9527 Alexandra Haven Suite 635, Benjaminport, IA 62705",Robertborough,AL,0
6066,8717,"18801 Jeffery Trail Apt. 163, Amandabury, GU 02007","South Johnmouth",TN,1
6067,8718,"48130 Wilson Knolls, Port Tiffany, TX 57845",Christopherchester,MO,1
6068,8719,"549 Wesley Keys, Saraport, OR 06485",Kleinburgh,ID,0
6069,8720,"405 King Summit, Ramirezhaven, SD 96755",Burnsview,MN,0
6070,8721,"22406 Poole Creek Apt. 866, West Jaredburgh, DE 60773","Lake Jennifer",MO,0
6071,8722,"41559 Elizabeth Ridges, Ericbury, RI 91784",Lopezburgh,OK,1
6072,8723,"7159 Emily Mountain, South Lisaside, NY 81242","South Jacob",OR,1
6073,8724,"60712 Bowers Row, Romerostad, FM 17204",Livingstonland,ME,0
6074,8725,"82416 Kristy Route Suite 964, South Ashley, GA 89505","Port Monica",TX,0
6075,8726,"3672 Anna Mountain Apt. 741, Bradleyside, NJ 26374",Shelbyland,SC,1
6076,8727,"56977 Luis Rest Suite 118, West Peterberg, ID 14298","North Richard",MO,0
6077,8728,"87934 Newton River Suite 374, Lake Robertmouth, VT 30891",Rebeccatown,NY,0
6078,8729,"8529 Brian Divide, Amberfurt, AR 54851",Natalieburgh,VA,0
6079,8730,"417 Walker Burg Suite 748, Port Jennifer, HI 76577","South Austin",AS,1
6080,8731,"USCGC Rodriguez, FPO AA 62871",Harringtonstad,PW,1
6081,8732,"2409 Roger Circles, Ballmouth, NM 65657","Lake Andreafort",PA,0
6082,8733,"27946 Adams Avenue Apt. 265, South Sara, MI 67074","East Lisa",MA,0
6083,8734,"80114 Stewart Gateway Apt. 132, Andersonville, NV 38322",Hendersonberg,PW,1
6084,8735,"2697 Robert Manors Suite 097, South Anthonyburgh, FM 02748","North Theresabury",CO,0
6085,8736,"286 Smith Trail, Thompsonborough, TX 27831","Port Leslieland",NY,0
6086,8737,"9337 David Green, East Zacharychester, HI 98887","North Anna",ID,1
6087,8738,"27149 Jessica Forges, Laneport, CT 78098","New Deborahfort",AK,1
6088,8739,"5541 Thomas Summit, North George, NH 60850",Smithfort,MD,1
6089,8740,"25146 Christina Drive, Heatherside, CA 93600",Watkinsborough,MA,1
6090,8741,"7565 Nicole Parkway, Jimmystad, CT 51788",Julieshire,WA,0
6091,8742,"370 Bonnie Field, Brooksville, MA 32117",Nashton,MA,1
6092,8743,"134 Jennifer Spur, Brendamouth, MT 58501",Brewerburgh,MA,0
6093,8744,"18160 Cox Forks Apt. 913, Douglasside, MH 39887",Fieldsmouth,AK,1
6094,8745,"762 Martin Shoals Apt. 591, Olsonfurt, AL 28700","East Ricardo",DC,0
6095,8746,"826 Dalton Creek, Lake Richard, NC 56948","Port Andrewmouth",KS,1
6096,8747,"677 Barnett Flats, Johnshire, OK 75228","North Markberg",AZ,1
6097,8748,"254 Timothy Land, North Ginahaven, MH 22020","Lake Loriville",MI,0
6098,8749,"38665 Nicholas Lakes Suite 393, Jessicaview, SD 29254","West Taylorberg",UT,0
6099,8750,"972 Briggs Land Suite 701, North William, NY 68143","South Savannah",WV,0
6100,8751,"639 David Valley Suite 173, Lake Pamelaburgh, OH 27481","Port Morganshire",NV,0
6101,8752,"09745 Wyatt Falls Apt. 251, Davismouth, KY 35287","Lake Raymondmouth",IL,1
6102,8753,"19116 Watkins Lights, West Lisa, GA 76076",Dillonfurt,AK,1
6103,8754,"9083 Martinez Canyon, Jenniferfort, PW 36541",Burnston,WI,1
6104,8755,"884 Nicole Square, South Danielmouth, CO 35456","South Amandashire",FL,0
6105,8756,"8086 Pineda Loop Apt. 891, Matthewbury, MS 43184","North Troy",AZ,0
6106,8757,"0905 Michael Prairie, South Tamara, MT 37167",Whiteland,PA,0
6107,8758,"8466 Vincent View, Whiteborough, KY 01031","North Jessica",SD,1
6108,8759,"183 Murphy Bypass, Jamesview, AK 66921",Tomton,CO,1
6109,8760,"8637 Janet Green, Port James, NC 52689","East Jasonbury",MD,0
6110,8761,"117 Joseph Pike Apt. 006, Lawsonchester, IN 02084",Garnerburgh,MH,1
6111,8762,"485 Brittany Burgs Suite 315, Lake Leemouth, OH 63315","North Ellenview",MA,0
6112,8763,"648 Dustin Plain Suite 989, Port Tinaton, WY 92897","East Robin",ID,1
6113,8764,"198 Fields Mission Suite 922, New Rachael, ME 49814","New Shelia",FL,1
6114,8765,"73864 Johnston Square Apt. 003, Grantmouth, AL 34044","South John",UT,0
6115,8766,"3801 Washington Cliff Suite 156, East Jonathan, LA 90126",Davidport,NE,0
6116,8767,"2890 Long Cove Apt. 017, New Andrewside, MP 53304","North Haroldfurt",WA,0
6117,8768,"59434 Michelle Centers Suite 125, Perezville, OR 92617","East Allisonport",NJ,0
6118,8769,"864 Gabriella Burgs, New Timothyhaven, AZ 11937","Lake Brandy",MA,0
6119,8770,"709 Brittany Club Suite 508, Joanbury, GU 37936",Johnmouth,MD,1
6120,8771,"63021 Johnson Crescent, North Markfurt, CT 16066",Manuelside,MI,0
6121,8772,"6307 Conner Light Suite 511, West Mary, ME 14374",Bakerland,AZ,0
6122,8773,"04699 Smith Track, Port Alexandria, MS 82701","West Dennisborough",PR,1
6123,8774,"81747 Maria Place, North Dylanberg, AK 47382","West Danielle",PW,1
6124,8775,"6625 Gonzalez Ferry Suite 402, Kimberlymouth, IA 25832","North Josephchester",MP,0
6125,8776,"49228 Meyer Fork Suite 107, South Angelborough, MO 22738",Crawfordstad,GA,1
6126,8777,"8043 Shawna Motorway Suite 734, Lake Nancy, WY 51368","West Christina",AK,0
6127,8778,"PSC 4357, Box 2916, APO AE 11072","New Tammyton",ME,0
6128,8779,"6446 Freeman Mews Apt. 658, North Rebeccamouth, MN 74654",Noahstad,HI,1
6129,8780,"290 Carroll Extension, Burgesston, GA 78124","Lake Donaldhaven",NM,0
6130,8781,"89477 Donald Terrace Suite 100, South Ashley, MN 39759","Port Joel",NY,0
6131,8782,"PSC 2822, Box 6995, APO AA 17766","East Crystalbury",RI,1
6132,8783,"026 Evans Ferry Apt. 491, Lake Megan, IA 50823",Castilloshire,HI,0
6133,8784,"6479 Martinez Garden, East Sara, FM 18319","East Shannonfort",OK,0
6134,8785,"66996 Traci Passage, Port Josephshire, FL 64485",Stevenmouth,MN,1
6135,8786,"991 Monica Underpass Apt. 998, East Lauriefort, WA 26047",Smithport,MH,1
6136,8787,"7693 Desiree Mills, East Barbara, AL 11217","West Richardstad",OK,1
6137,8788,"009 Torres Canyon, Port Eric, IA 78886",Matthewchester,SD,1
6138,8789,"2319 Jones Bypass, Petersonview, MT 85972",Jonathanbury,TN,0
6139,8790,"68672 Porter Roads, Lucasborough, MN 40716",Carolynton,KY,0
6140,8791,"957 Patricia Valley, Johnnyberg, AK 15469",Vasquezfort,NV,0
6141,8792,"17208 Richardson Mill, West Jonathan, NJ 91362",Jamesstad,MO,0
6142,8793,"7769 Andre Orchard, Welchmouth, WV 27841","South Christopherberg",ND,0
6143,8794,"0422 Willie Curve, Jamesfurt, PR 31294","East Robert",MI,0
6144,8795,"06236 Benjamin Estates Suite 929, Lake Thomasborough, MN 64671",Ericburgh,FL,1
6145,8796,"789 Collins Ways Apt. 025, Chasehaven, OH 24803","Lake Emily",MN,1
6146,8797,"24179 Andrea Island, South Kevinmouth, AR 16833","South Renee",ID,1
6147,8798,"30044 Jason Garden Suite 009, West Lisastad, MD 90602","Port Nicoleside",WA,1
6148,8799,"41579 Benjamin Port, Salasfort, IL 97942",Stevensborough,MA,1
6149,8800,"Unit 9954 Box 2082, DPO AE 60987","East Maryport",VT,1
6150,8801,"5316 David Coves Apt. 856, North Amberfort, ID 12686",Jonton,AK,0
6151,8802,"55252 Benjamin Plaza, West Charles, PA 34125","Lake Karenshire",MT,0
6152,8803,"2619 Fox Ferry Apt. 821, New Leslieton, MS 53613","Port Tanyastad",OR,0
6153,8804,"96285 Henry Fork Suite 249, East Lauraland, MO 13665",Johnsonside,AS,0
6154,8805,"1715 Thomas Loop Suite 785, Lake Andrew, MI 88995","Lake Taylorville",NJ,1
6155,8806,"166 Scott Street Suite 929, New Malloryfort, PR 29763","East Feliciaberg",NE,0
6156,8807,"375 Brittany Fork Suite 712, Richardsonfort, KS 66700","North Ronaldtown",MT,0
6157,8808,"46454 Smith Crossroad Suite 667, East Erinhaven, TN 11128",Leontown,PW,1
6158,8809,"USNV Martinez, FPO AE 28569","South Jennifer",SD,0
6159,8810,"03157 Elizabeth Stravenue, Codyberg, ME 46614","Lake Sandra",TX,1
6160,8811,"5364 Woods Views Suite 900, East Davidton, TN 43063",Mejiaville,KY,1
6161,8812,"94118 Evans Way Apt. 269, East Lanceland, OR 24063",Pattersonshire,AL,0
6162,8813,"1378 Amanda Pike Apt. 009, Wrighthaven, PR 17422","North Jessicaberg",NE,0
6163,8814,"82925 Robin Valley Suite 762, Nathanside, VT 34531","East Angelabury",NY,0
6164,8815,"7991 Santana Coves, Claytonbury, SC 87768",Michellestad,LA,1
6165,8816,"8675 Wright Summit, Willisview, MS 95535","North Sharon",IN,0
6166,8817,"7309 Silva Branch, Nicholasborough, MA 67570",Phillipton,AZ,0
6167,8818,"94217 Jamie Wells, Samuelchester, MO 26140","West Hannahmouth",OH,1
6168,8819,"08224 Diaz Path, Rodrigueztown, ME 72196","South Anthony",SC,1
6169,8820,"329 Vaughan Extension Suite 326, East Hector, NV 90791",Sarahland,MD,1
6170,8821,"5766 John Lights Apt. 205, West Allen, PR 54450","Port Carolfort",DC,0
6171,8822,"60894 David Brooks, Whitneyland, NC 87024","New Stephanie",AZ,1
6172,8823,"2202 Shawn Lodge Suite 879, Wyattfurt, MT 61526",Manninghaven,AK,1
6173,8824,"60906 Amy Springs Suite 114, West Stephanieland, SD 56646","East Sheliaburgh",NJ,1
6174,8825,"0982 Rebecca Mountains Suite 471, Kristenfurt, FM 44945",Spencerfort,ID,1
6175,8826,"8613 Rubio Meadow Apt. 279, New Craigmouth, NY 75661",Paulland,WV,1
6176,8827,"49694 Davis Court, Lake Mistyside, KY 04576","New Jeffreybury",PR,1
6177,8828,"867 Carlson Ranch Suite 628, Williamland, PW 88387",Haleyton,PA,1
6178,8829,"418 Rogers Orchard, Jarvisshire, AZ 55265",Michaelville,KY,1
6179,8830,"6015 Sonya Streets Apt. 670, East Danieltown, KY 27184",Johnside,CT,0
6180,8831,"Unit 1939 Box 1083, DPO AA 27822",Robinsonshire,NC,0
6181,8832,"3716 Wallace Path, North Haleyland, MI 11822",Linstad,ID,0
6182,8833,"960 Allison Valleys Apt. 168, Carterview, RI 62037",Dennisstad,DE,1
6183,8834,"471 Karen Station Suite 328, New Cynthiabury, MO 78732",Danielland,OR,1
